UID,Site,Year,Month,Day,Cycle,Q,Q.2w.med,Q.2w.mn,Q.2w.max,Q.2w.min,Q.h.d.mn,Q.h.d.med,Q.h.d.max,Q.h.d.min,Q.h.d.sd,Q.h.2w.med.mn,Q.h.2w.med.med,Q.h.2w.med.max,Q.h.2w.med.min,Q.h.2w.med.sd,Q.h.2w.mean.mn,Q.h.2w.mean.med,Q.h.2w.mean.max,Q.h.2w.mean.min,Q.h.2w.mean.sd,Q.h.2w.max.mn,Q.h.2w.max.med,Q.h.2w.max.max,Q.h.2w.max.min,Q.h.2w.max.sd,Q.h.2w.min.mn,Q.h.2w.min.med,Q.h.2w.min.max,Q.h.2w.min.min,Q.h.2w.min.sd
SFC3.6.2017,SFC,2017,3,6,0,0.18,0.21,0.190714286,0.28,0.04,2.425,1.445,9.99,0.18,2.769762483,2.545,1.4875,9.21,0.21,2.684217518,2.666571429,1.378214286,10.71142857,0.190714286,3.045549681,4.3015,1.68,30.9,0.28,7.021828578,1.696,0.83,5.92,0.04,1.918361143
PDC3.12.2017,PDC,2017,3,12,0,0.05,0.05,0.051428571,0.08,0.04,0.606666667,0.235,5.93,0,1.361880188,0.480833333,0.155,4.54,0,1.052565843,5.234087302,0.180714286,55.67,0,13.68001537,40.39944444,0.19,390,0,101.1547561,0.183333333,0.13,0.75,0,0.194331433
AR3.14.2017,AR,2017,3,14,0,3.63,3.4,4.703571429,15.6,2.71,90.46565217,6.3,1400,3.54,304.890318,9.321521739,5.265,93.05,3.1,18.35204605,31.30714286,6.292857143,529.8071429,3.028571429,108.9654424,163.7586957,7.8,3020,3.3,626.8975098,5.883478261,4.69,27.3,2.5,5.002665298
TRC3.22.2017,TRC,2017,3,22,0,0.1,0.72,4.574285714,31.8,0.05,NA,NA,NA,NA,NA,NA,NA,NA,NA,NA,NA,NA,NA,NA,NA,NA,NA,NA,NA,NA,NA,NA,NA,NA,NA
GC4.2.2017,GC,2017,4,2,0,2.48,4.13,4.620714286,10.3,2.44,53.37608696,2.48,770,0,163.1651558,9.415434783,2.57,70,0.01,16.56325423,46.60350932,4.650714286,508.2857143,0.025714286,120.4441545,257.8147826,12.6,2400,0.05,677.7206691,3.830869565,1.52,18,0,4.826355592
MR4.2.2017,MR,2017,4,2,0,5.11,6.71,7.512857143,12.7,5.16,179.6582609,17.6,3710,0.32,769.7292571,37.20478261,17.95,222.5,0.495,57.70578196,106.5688199,22.8,950.7142857,0.487857143,248.9774534,446.9643478,31.8,4820,0.59,1131.072,17.00608696,16,46.3,0.21,13.82499408
PLC4.2.2017,PLC,2017,4,2,0,3.12,2.45,3.227857143,8.59,1.96,81.32130435,1.71,1570,0,326.9617438,2.900217391,1.355,18.8,0.03,4.693493436,35.05773292,4.65,280.3742857,0.027142857,74.40098669,230.7147826,29.7,1740,0.05,473.8053985,1.258695652,1.2,3.44,0,0.967561623
AR7.27.2017,AR,2017,7,27,0.5,1.51,2.48,5.852142857,26.2,1.65,22.72434783,3.18,426,0.68,87.98742688,10.50869565,3.385,112.3,0.36,23.21370751,42.3176087,5.3,345.8521429,0.591428571,96.03465663,220.8504348,6.63,2300,0.88,549.0991548,4.813478261,2.98,33.3,0.23,6.759672268
GC8.18.2017,GC,2017,8,18,1,0,0,0.002857143,0.03,0,4.107826087,0.67,55.4,0,11.50756627,1.535,0.095,16.25,0,3.461091525,2.235403727,0.532857143,26.04357143,0,5.438388487,6.623478261,1.32,75.9,0,16.11980955,0.869565217,0.07,9.17,0,1.963002057
MR8.18.2017,MR,2017,8,18,1,0,0.015,0.027857143,0.11,0,26.59818182,7.5,368,0,77.59383478,11.06613636,5.785,78.6,0,17.84298935,12.91415584,7.171428571,99.95714286,0,21.93860428,25.40363636,10.3,202,0,46.65858789,8.938181818,4.595,58.4,0,13.87669977
PDC8.18.2017,PDC,2017,8,18,1,0,0,0,0,0,0.227777778,0,3,0,0.704945184,0.237777778,0,2.95,0,0.691877714,0.276825397,0,3.387857143,0,0.795472001,0.571111111,0,5.94,0,1.464597471,0.211666667,0,2.74,0,0.643686533
PLC8.18.2017,PLC,2017,8,18,1,1.62,4.64,13.45071429,65.8,1.65,17.60695652,0.42,238,0,57.94246837,1.215869565,0.595,10.89,0,2.354672652,5.085776398,0.747857143,83.64428571,0,17.35567514,22.75043478,1.17,363,0,75.94317472,0.640434783,0.43,5.29,0,1.099324083
AR8.20.2017,AR,2017,8,20,1,1.5,1.58,1.617142857,2.72,1.07,41.44304348,3.43,875,0.52,181.7271405,3.494565217,2.81,10.4,0.45,2.426875054,5.541677019,3.571428571,20.86714286,0.467142857,5.755764226,23.36304348,5.27,242,0.8,54.6120648,3.003478261,2.58,9.72,0.37,2.161366589
SFC8.20.2017,SFC,2017,8,20,1,0.24,0.29,0.277142857,0.4,0.14,1.415714286,1.07,6.87,0.18,1.403497672,1.963333333,1.065,13.4,0.225,2.974860641,1.897653061,1.039285714,10.235,0.277142857,2.397967806,3.893333333,1.54,17.7,0.4,5.018713315,0.533809524,0.39,2.44,0.09,0.519032525
TRC8.20.2017,TRC,2017,8,20,1,0.01,0.25,0.617142857,4.04,0.01,NA,NA,NA,NA,NA,NA,NA,NA,NA,NA,NA,NA,NA,NA,NA,NA,NA,NA,NA,NA,NA,NA,NA,NA,NA
EMC8.23.2017,EMC,2017,8,23,1,0,1.195,3.986428571,13.9,0,45.61608696,0.37,828,0,172.7650523,3.143695652,0.43,41.83,0,8.792568429,12.86254658,1.728571429,90.16785714,0,26.72101692,95.88913043,6.5,1040,0,239.2831743,0.432173913,0,2.9,0,0.789090135
WMC8.23.2017,WMC,2017,8,23,1,2.62,13.55,31.44714286,112,3.92,114.0691304,10,1310,1.3,295.6880767,42.22565217,20.2,514,2.1,103.8691839,62.44586957,23.71428571,604.3807143,3.092142857,124.229907,232.0582609,44.5,1560,8.44,396.1066825,8.357826087,5.66,30,0.58,7.393865367
AR9.6.2017,AR,2017,9,6,2,4.24,5.15,15.80214,94.7,1.53,11.51043,4.24,76,0.61,19.73264,7.423913,3.905,63.5,0.705,13.00156,60.18863,5.947143,1041.608,0.6992857,215.5707,337.177,11,5500,0.87,1146.65,3.197391,2.8,9.93,0.53,2.221118
MR9.6.2017,MR,2017,9,6,2,130,323.5,1246.564286,4380,0,180.0831818,7.555,3270,0,696.0513429,53.76340909,7.5025,459.5,0,121.2058203,375.1408766,8.468928571,5664.214286,0.006428571,1220.489697,1948.703636,12.9,32100,0.03,6868.036446,7.915909091,5.795,51.5,0,11.97159681
SFC9.8.2017,SFC,2017,9,8,2,0.39,0.615,0.607857143,0.8,0.39,3.12047619,1.37,14.6,0.11,4.387376752,3.656904762,1.275,29.5,0.11,6.871426067,39.58238095,1.259285714,634.7764286,0.112142857,139.7848407,275.3590476,1.79,4290,0.18,959.665075,0.553333333,0.45,1.99,0.04,0.446019432
TRC9.8.2017,TRC,2017,9,8,2,0.12,0.055,1.112142857,8.23,0.01,NA,NA,NA,NA,NA,NA,NA,NA,NA,NA,NA,NA,NA,NA,NA,NA,NA,NA,NA,NA,NA,NA,NA,NA,NA
EMC9.11.2017,EMC,2017,9,11,2,9.89,51.4,439.3142857,1740,10.6,167.8126087,3.4,3640,0,757.0523137,22.89347826,0.095,277,0,65.01819839,75.26375776,1.675,770.9357143,0,180.7625435,321.1221739,8.2,2720,0,671.7028791,2.237391304,0,22.3,0,5.372398497
GC9.11.2017,GC,2017,9,11,2,4.23,15,509.9964286,3860,4.66,133.033913,1.3,2820,0,586.3661858,16.915,0.525,224.5,0,50.70982857,89.15236025,0.887142857,964.9671429,0,230.2658351,557.206087,3.33,5960,0,1486.190339,1.11826087,0.23,9.47,0,2.211230945
PDC9.11.2017,PDC,2017,9,11,2,0.24,0.375,8.886428571,104,0.2,4.468888889,0.19,51.2,0,12.36745867,0.208611111,0,2.215,0,0.51798196,3.926746032,0.029642857,26.53142857,0,7.975231545,35.44777778,0.085,273,0,75.07566298,0.162222222,0,1.9,0,0.443999941
PLC9.11.2017,PLC,2017,9,11,2,3.55,8.035,351.7392857,2670,3.85,115.926087,2.02,2370,0,492.0946721,12.44543478,0.475,125.8,0,30.40559869,81.68832298,1.202857143,580.785,0,177.3268785,482.4726087,9,3680,0,1082.353088,0.822608696,0.34,7.53,0,1.670514938
WMC9.11.2017,WMC,2017,9,11,2,12.1,558.5,1823.714286,6800,14.8,293.8447826,25.9,4560,0.15,944.2316534,109.7680435,11.115,1279,1.265,289.4581407,280.7002174,25.34285714,2777.071429,1.254285714,668.0086411,1082.970435,90,10100,2.51,2443.45073,9.69173913,3.27,92.4,0.1,19.19869519
AR9.12.2017,AR,2017,9,12,3,3.47,4.21,5.620714286,16.9,3.32,61.81086957,7.06,458,0.61,135.4195722,9.13826087,4.025,88,0.61,18.0776848,60.19052795,5.311428571,1067.785714,0.666428571,221.2003323,302.7343478,12.1,5500,0.79,1138.963153,4.723043478,3.32,29,0.61,5.858807228
SFC9.19.2017,SFC,2017,9,19,3,1.12,0.72,0.682857143,1.01,0.35,204.1633333,1.43,2080,0.1,533.0612864,3.77952381,1.445,16.87,0.115,4.953482085,28.76489796,1.772142857,145.0521429,0.11,46.73708186,226.1338095,3.99,1190,0.17,376.5978494,1.671428571,0.64,11.7,0.04,3.213711695
TRC9.25.2017,TRC,2017,9,25,3,0,0.08,0.088571429,0.26,0,NA,NA,NA,NA,NA,NA,NA,NA,NA,NA,NA,NA,NA,NA,NA,NA,NA,NA,NA,NA,NA,NA,NA,NA,NA
MR9.26.2017,MR,2017,9,26,3,27.2,33.35,34.02142857,47.1,26.8,47.69727273,14.6,266,0,68.474472,84.16386364,9.9525,451,0,136.0711705,284.7856494,19.72857143,1355.485714,0,465.7798688,1193.854091,38.3,5840,0,1935.2136,24.01363636,8.035,119,0,35.21135025
EMC9.30.2017,EMC,2017,9,30,3,33.5,6.895,13.75071429,63.3,5.84,17.425,0.715,255,0,55.92428876,5.274318182,1.7475,25.6,0,7.541239682,47.40538961,15.4425,338.7064286,0,86.41908833,288.5813636,89.15,2010,0,517.9980069,0.860909091,0.21,5.84,0,1.359053975
WMC9.30.2017,WMC,2017,9,30,3,434,31.05,89.73214286,612,6.68,104.56,16.15,515,2.93,172.278224,42.86409091,30.325,155,3.59,39.81562381,155.139513,69.6225,928.7142857,7.021428571,222.2533844,794.7090909,299,4640,15.7,1168.514626,11.19454545,9.085,36,0.08,9.924193011
GC10.3.2017,GC,2017,10,3,3,4.73,7.31,20.01857143,104,2.98,2.876956522,1.23,18,0,3.906263542,4.45,1.645,27.8,0,6.736412756,13.34136646,1.966428571,94.68071429,0,26.45684659,80.78565217,7.64,867,0,193.2374295,1.498695652,0.58,7.21,0,2.069442842
PDC10.4.2017,PDC,2017,10,4,3,0.21,0.165,0.163571429,0.19,0.14,0.82,0.05,11.5,0,2.759445144,0.468888889,0.07,5.02,0,1.172657309,2.03724914,0.098928571,15.95071429,0,4.285954315,14.85944444,0.15,109,0,35.11668725,0.361666667,0.045,4.16,0,0.968292919
EMC10.10.2017,EMC,2017,10,10,3,2.93,7.12,10.77357143,33.5,3.25,119.0334783,1.28,1530,0,343.9248916,2.544565217,0.795,29.55,0,6.160578838,19.83819876,2.415714286,213.3307143,0,48.69862248,141.716087,16,1240,0,346.1115971,0.622173913,0.02,3.51,0,1.053530672
GC10.10.2017,GC,2017,10,10,3,2.12,5.61,17.92214286,104,2.28,103.7426087,2.12,1050,0,280.254562,2.824565217,1.7,10.65,0,3.205074426,12.18456522,2.100714286,84.25,0,23.35069295,87.14,6.76,733,0,197.9091536,1.334347826,0.75,6.04,0,1.72879839
PLC10.10.2017,PLC,2017,10,10,3,4.82,39.6,426.4064286,2120,5.35,43.20826087,2.1,719,0,152.820312,3.287608696,0.79,39.6,0,8.142415304,33.34996894,5.533571429,426.4064286,0.082142857,88.86811769,203.8278261,18.7,2120,0.4,462.0682683,0.931304348,0.51,5.35,0,1.342651056
MR10.31.2017,MR,2017,10,31,4,14.2,17.15,17.60714286,21,14.2,39.13956522,15.8,331,0,72.42075038,74.85521739,19.55,741,0,169.6371577,245.1774534,19.9,2722.142857,0,622.5044576,1043.636957,21.9,12500,0,2836.219994,20.17173913,14.2,118,0,27.89094732
AR11.1.2017,AR,2017,11,1,4,4.01,3.475,3.462142857,3.65,3.15,6.59173913,4.1,21,1.8,4.765865992,8.249347826,5.545,32.55,1.935,8.211294232,38.3552795,6.605,404.9,2.057857143,95.54297634,272.86,7.85,3060,3.65,767.8314184,5,3.56,9.6,1.65,2.567682011
PDC11.1.2017,PDC,2017,11,1,4,0.09,0.08,0.081428571,0.1,0.06,0.222941176,0.09,0.86,0,0.257457878,0.320882353,0.08,3.01,0,0.717387263,7.406638655,0.100714286,73.185,0,20.13158004,87.15,0.11,912,0,245.3682216,0.143529412,0.06,0.49,0,0.188014001
EMC11.3.2017,EMC,2017,11,3,4,0.98,1.43,1.631428571,3.55,0.9,29.63565217,0.38,424,0,88.93836271,29.22891304,0.705,543.5,0,112.6634735,52.23791925,1.631428571,725.9,0,152.2207048,217.2217391,3.55,1980,0,477.7391901,3.116086957,0.2,60.6,0,12.55318567
WMC11.3.2017,WMC,2017,11,3,4,11,11.5,12.43785714,21.6,4.73,86.89521739,10.6,574,0.24,161.6667962,103.3082609,12.9,1425,2.025,295.0218302,212.3963354,20.77857143,1708.285714,3.696428571,452.7876066,811.6869565,51.5,6650,11.2,1683.678315,17.76521739,4.8,199,0.47,41.60246877
GC11.4.2017,GC,2017,11,4,4,1.61,1.655,1.682857143,2.05,1.39,90.24,2,1900,0,394.8198448,15.19304348,2.615,128.9,0,34.45173543,31.3342236,6.127142857,264.1092857,0,71.40539163,154.3834783,13.7,1240,0,355.7565405,4.431304348,1.39,42.5,0,9.616312516
SFC11.5.2017,SFC,2017,11,5,4,1.15,0.89,0.902142857,1.31,0.46,1.722,1.3,6.66,0.08,1.521057804,1.564,1.24,4.005,0.07,1.112584237,2.100464286,1.27,10.86642857,0.070714286,2.38107622,6.297,1.495,52,0.12,12.19548238,0.6265,0.57,1.39,0.03,0.404725703
TRC11.5.2017,TRC,2017,11,5,4,0.02,0.06,0.225714286,2.1,0.02,NA,NA,NA,NA,NA,NA,NA,NA,NA,NA,NA,NA,NA,NA,NA,NA,NA,NA,NA,NA,NA,NA,NA,NA,NA
PLC11.11.2017,PLC,2017,11,11,4,1.66,2.05,2.243571429,3.12,1.87,10.11,1.6,181,0.03,37.4561284,7.23173913,1.45,98.9,0,21.45685389,47.00385093,2.448571429,744.6928571,0.030714286,156.2732365,272.9286957,5.82,3950,0.08,851.1438125,1.547826087,0.74,10.2,0,2.410033867
EMC12.2.2017,EMC,2017,12,2,5,0,0,0.011428571,0.1,0,95.06434783,0.66,1530,0,337.2392767,35.65934783,1.39,703,0,145.999337,103.8569565,8.515714286,1555.321429,0,325.5686604,458.1195652,24.2,5410,0,1159.289152,2.01826087,0.1,28.3,0,6.164057586
WMC12.2.2017,WMC,2017,12,2,5,1.25,0.785,0.894285714,1.92,0.26,110.5073913,5.91,1780,0,375.532518,130.1528261,9.075,2015,0.02,426.9081954,316.9837578,14.02642857,4701.857143,0.091428571,975.0091111,1231.889565,91.4,15600,0.53,3235.774796,9.121304348,2.15,116,0,24.61030536
GC12.3.2017,GC,2017,12,3,5,1.7,1.39,1.412142857,1.73,1.25,121.0995652,2.52,2390,0,498.2895982,19.5073913,2.335,296,0,60.95340907,72.64108696,4.288571429,1210.821429,0,250.6968792,345.1804348,5.57,5250,0,1098.15928,4.54,2.03,33.5,0,7.918670113
PLC12.3.2017,PLC,2017,12,3,5,1.17,1.095,1.097857143,1.29,0.88,58.05478261,1.17,983,0,212.1323539,8.800869565,1.45,83.15,0,20.9791316,50.51170807,1.585714286,404.0064286,0.065714286,115.5425075,300.8047826,2.7,2450,0.11,637.7863444,1.393913043,0.71,6.46,0,1.713706083
PDC12.4.2017,PDC,2017,12,4,5,0,0,0.004285714,0.02,0,0.735882353,0.09,5.97,0,1.698701927,1.968235294,0.085,26,0,6.306214183,38.16823529,0.084285714,625.1392857,0,151.3430298,327.86,0.09,5480,0,1327.847684,0.696470588,0.07,8.52,0,2.044703344
MR12.5.2017,MR,2017,12,5,5,4.68,5.15,5.152142857,5.81,4.63,74.30043478,15.7,582,0.02,157.7703619,56.71152174,16.5,667.5,0,140.6834478,101.7830435,17.72857143,1463.128571,0.008571429,303.9749239,378.8669565,19.7,5950,0.06,1243.225349,23.60434783,13.9,118,0,31.88897071
AR12.7.2017,AR,2017,12,7,5,4.78,3.635,3.677142857,4.07,3.31,10.05565217,6.66,66.5,2.78,13.86124874,7.602391304,4.885,31.65,2.705,6.786188492,13.33291925,6.271428571,74.72142857,2.897142857,19.70904487,59.62826087,7.44,427,3.77,129.4219252,6.243043478,4.25,26.3,2.59,5.036017036
SFC12.11.2017,SFC,2017,12,11,5,0.8,0.86,0.850714286,0.97,0.69,2.292,1.26,13.9,0.22,3.169125066,9.1585,1.375,141.5,0.8,31.26527808,9.638142857,1.393928571,144.3178571,0.775714286,31.83512329,26.774,1.575,410,0.91,91.1487594,1.52,0.755,11.7,0.21,2.562827386
TRC12.11.2017,TRC,2017,12,11,5,0.02,0.095,1.895714286,12.9,0.02,NA,NA,NA,NA,NA,NA,NA,NA,NA,NA,NA,NA,NA,NA,NA,NA,NA,NA,NA,NA,NA,NA,NA,NA,NA
EMC1.4.2018,EMC,2018,1,4,6,0.22,1.415,2.579285714,9.65,0.2,40.85391304,0.27,770,0,160.1142898,2.217391304,0.31,11.405,0,3.469767765,18.8952795,1.035,252.4428571,0,53.06375557,110.3830435,1.76,1520,0,316.772902,0.386956522,0.09,3.25,0,0.750481269
GC1.4.2018,GC,2018,1,4,6,0.24,0.23,0.248571429,0.39,0.18,7.595217391,3.5,54.7,0,12.1129532,4.668478261,2.675,18.05,0,5.089943167,7.784720497,4.556428571,52.45714286,0,11.88631932,34.60130435,12,421,0,92.16776928,3.274347826,2.15,15.2,0,4.002645518
MR1.4.2018,MR,2018,1,4,6,5,4.77,4.743571429,4.93,4.52,24.55869565,16.4,147,0.01,31.98400741,19.87543478,14.95,74.4,0.01,21.26520135,22.75571429,15.5,81.12857143,0.052142857,25.00739033,48.4726087,17.5,518,0.31,106.1137557,16.32217391,13.6,63.4,0,17.725725
PLC1.4.2018,PLC,2018,1,4,6,0.94,1.235,1.237857143,2,0.93,18.46521739,1.5,292,0,62.94920881,1.757173913,1.155,5.14,0.08,1.626782816,2.762763975,2.128571429,7.347857143,0.084285714,2.345518595,11.97304348,4,95.4,0.12,20.90966663,1.309130435,0.92,4.23,0,1.259386261
WMC1.4.2018,WMC,2018,1,4,6,20.1,33.85,33.07142857,44.2,20.6,70.53347826,4.9,853,0,182.8818994,14.00934783,5.9,67.5,0.035,17.89207171,42.08090062,9.928571429,211.8,0.027142857,57.64948424,197.9421739,22,905,0.05,269.6961918,3.742608696,2.27,20.6,0,5.138261306
AR1.5.2018,AR,2018,1,5,6,4.06,3.985,4.102857143,5.26,3.79,12.44217391,6.47,135,2.56,27.03157211,6.096956522,6.3,11,2.335,2.594460331,8.251677019,7.441428571,38.32142857,2.461428571,7.333961287,25.9726087,8.33,304,3.4,63.60057956,5.456086957,4.27,9.35,2.14,2.285568835
PDC1.5.2018,PDC,2018,1,5,6,0.06,0.05,0.054285714,0.06,0.05,0.187777778,0.145,0.66,0,0.191328346,0.188055556,0.1175,0.52,0,0.192950305,0.406825397,0.1325,3.117142857,0,0.752018222,2.552777778,0.21,32,0,7.569550306,0.145555556,0.09,0.43,0,0.158901458
SFC1.5.2018,SFC,2018,1,5,6,0.37,0.635,0.585,0.72,0.31,2.303,1.36,9.62,0.37,2.71539684,2.20325,1.425,10.3,0.495,2.504388924,2.098107143,1.363571429,8.860714286,0.475714286,2.286105233,2.8145,1.625,12.8,0.58,3.282002718,1.2245,0.955,6.71,0.01,1.458450782
TRC1.5.2018,TRC,2018,1,5,6,0.25,0.01,0.032857143,0.36,0,NA,NA,NA,NA,NA,NA,NA,NA,NA,NA,NA,NA,NA,NA,NA,NA,NA,NA,NA,NA,NA,NA,NA,NA,NA
SFC2.2.2018,SFC,2018,2,2,7,0.79,0.615,0.647857143,0.78,0.55,2.208,1.35,10.6,0.12,2.746171689,2.28825,1.3975,10.1,0.615,2.629011859,2.312428571,1.330714286,9.270714286,0.639285714,2.611618235,3.3595,1.505,14.1,0.78,4.135263595,1.269,0.87,7.46,0.27,1.593965264
AR2.3.2018,AR,2018,2,3,7,4.12,4.08,4.477142857,8.04,3.72,19.52521739,5.81,274,3.19,56.11429958,7.267391304,5.665,39.9,3.125,7.471857635,16.46503106,6.060714286,188.845,3.168571429,39.27788239,66.04826087,8.9,937,3.45,200.9979347,5.183913043,5.1,9.46,2.8,1.960843369
PDC2.3.2018,PDC,2018,2,3,7,0.06,0.06,0.064285714,0.08,0.06,2.697777778,0.15,42.2,0,9.89652735,0.257222222,0.21,1.165,0,0.309849215,3.090357143,0.183214286,43.73357143,0,10.24326475,22.79722222,0.235,341,0,80.06315013,0.15,0.125,0.58,0,0.174793996
TRC2.3.2018,TRC,2018,2,3,7,0,0,0.374285714,4.44,0,NA,NA,NA,NA,NA,NA,NA,NA,NA,NA,NA,NA,NA,NA,NA,NA,NA,NA,NA,NA,NA,NA,NA,NA,NA
MR2.5.2018,MR,2018,2,5,7,4.4,5.21,5.237142857,5.96,4.51,219.8995652,14,4640,0.12,963.7227782,29.13608696,15.45,214.5,0.145,44.71694884,77.88785714,15.60714286,957.5214286,0.140714286,201.92419,338.7352174,30.6,3360,0.18,887.7440262,15.53391304,15,45.5,0.06,13.74943032
EMC2.9.2018,EMC,2018,2,9,7,0.01,1.19,1.376428571,3.31,0,21.19695652,0.08,468,0,97.41364625,1.925434783,0.105,15.9,0,4.026680314,8.776242236,1.106428571,72.695,0,19.63458351,46.28304348,4.81,357,0,98.59067374,0.476956522,0.05,3.12,0,0.891216915
WMC2.9.2018,WMC,2018,2,9,7,23,29.45,31.56428571,52.8,23,44.03826087,4.83,850,0,175.8312105,26.86217391,6.075,169,0,38.85569772,60.73121118,10.97571429,634.0714286,0,136.6846434,232.0417391,52.8,2500,0,560.2315937,7.259130435,2.6,33.2,0,9.300225761
GC2.11.2018,GC,2018,2,11,7,0.2,0.25,0.253571429,0.3,0.2,20.81608696,3.06,218,0,54.1603544,11.30152174,3.245,132.5,0,27.98690528,20.57732919,3.656428571,235.8,0,51.25285059,80.77,6,825,0,204.4743217,4.358695652,2.4,37.2,0,7.731354288
PLC2.11.2018,PLC,2018,2,11,7,0.99,1.07,1.075,1.36,0.94,17.54956522,1.1,314,0.07,65.30045416,3.855217391,1.07,46.2,0.06,9.520384885,11.17562112,2.143571429,65.27142857,0.057857143,19.43442841,57.12217391,2.97,342,0.07,103.1672818,1.569130435,0.87,14,0.04,2.802122431
EMC3.2.2018,EMC,2018,3,2,8,2.43,3.36,6.838571429,27.7,0,13.41913043,0.28,234,0,49.43236903,5.362391304,0.52,64.5,0,13.89243457,23.54158385,3.261428571,120.1714286,0,36.33138747,150.8978261,12.2,782,0,236.6366471,0.79826087,0.08,6.7,0,1.602097069
GC3.2.2018,GC,2018,3,2,8,0.28,0.475,0.524285714,1.02,0.27,10.02347826,2.78,92.9,0,20.86050631,9.372391304,3.25,81.5,0,17.74922033,32.53720497,3.939285714,206.0692857,0,60.98673094,163.8282609,4.46,1580,0,366.7077482,3.673043478,2.39,25,0,5.319544098
PLC3.2.2018,PLC,2018,3,2,8,0.99,0.96,1.06,1.68,0.79,19.35652174,0.99,383,0.03,79.52220534,4.269130435,0.935,47.5,0.03,9.87129777,25.41869565,1.620714286,170.8535714,0.031428571,51.39985555,162.9869565,6.4,1310,0.05,359.5785229,1.266521739,0.79,6.1,0.01,1.391018622
WMC3.2.2018,WMC,2018,3,2,8,10.1,23,25.59285714,56,17.8,40.36956522,4.68,448,0,99.33817231,33.03804348,3.75,326.5,0,70.26289952,95.04124224,25.59285714,439.6,0,131.8609039,477.2534783,66.4,2530,0,674.6044533,8.575217391,1.8,104,0,21.58624517
AR3.3.2018,AR,2018,3,3,8,4.37,4.61,5.02,7.75,4.06,24.83565217,5.71,450,2.84,92.70459187,6.888695652,5.26,25,3.3,4.949380865,10.54403727,5.606428571,50.13571429,3.255714286,13.061805,31.94,7.33,271,3.5,63.46259836,5.426956522,4.9,11.1,2.94,2.323882791
SFC3.3.2018,SFC,2018,3,3,8,1.12,1.155,1.129285714,1.3,0.88,2.392,1.33,9.23,0.17,2.561805695,2.47125,1.49,9.59,0.215,2.549017806,2.727107143,1.3575,11.02285714,0.196428571,3.083747846,4.8295,1.665,30.9,0.27,7.537577075,1.8185,0.86,7.12,0.04,2.12031347
TRC3.3.2018,TRC,2018,3,3,8,0.03,0,0.138571429,1.27,0,NA,NA,NA,NA,NA,NA,NA,NA,NA,NA,NA,NA,NA,NA,NA,NA,NA,NA,NA,NA,NA,NA,NA,NA,NA
MR3.5.2018,MR,2018,3,5,8,5.7,7.315,7.195714286,10.4,4.19,54.37565217,12.1,900,0.18,184.9145763,23.37673913,15.75,151.5,0.02,32.15198681,56.3884472,15.81428571,539.4142857,0.048571429,119.1853259,216.5191304,16.6,2550,0.13,562.7224123,14.70217391,10.4,43,0.01,14.20781858
PDC3.5.2018,PDC,2018,3,5,8,0.11,0.12,0.160714286,0.66,0.07,0.249444444,0.155,0.93,0,0.28395261,0.372222222,0.15,2.5,0,0.627835268,2.187896825,0.188928571,27.66,0,6.507582499,15.95,0.48,186,0,46.23707896,0.201666667,0.125,0.98,0,0.244786822
EMC3.9.2018,EMC,2018,3,9,NA,0,1,6.045,27.7,0,38.60304348,0.45,710,0,148.2943549,7.655869565,0.255,141,0,29.19151537,16.48916149,1.557142857,166.2678571,0,40.95856647,67.02956522,2.7,537,0,144.6465047,0.338695652,0.08,1.29,0,0.453805168
WMC3.9.2018,WMC,2018,3,9,NA,0.67,14.85,16.90785714,56,0.99,136.6521739,2.43,1650,0,376.9139727,33.51521739,5.4,394.5,0,83.02876931,94.34037267,11.24,648.9978571,0,167.4565404,443.9556522,56,3530,0,803.7453795,2.055217391,0.99,7.7,0,2.188047842
GC3.30.2018,GC,2018,3,30,9,2.55,0.48,1.436428571,12.6,0.31,6.353043478,4.08,36,0,7.858461239,15.52934783,2.94,122,0.005,32.2081978,79.4378882,7.236428571,887.8571429,0.040714286,210.9976629,390.7178261,28.1,4130,0.09,969.3699367,5.128695652,1.57,36,0,8.021484959
PDC3.30.2018,PDC,2018,3,30,9,0.13,0.12,0.118571429,0.15,0.1,0.235,0.205,0.76,0,0.201151099,0.281666667,0.2,1.27,0,0.309059294,7.228888889,0.243571429,123.86,0,29.10962258,46.70111111,0.36,808,0,190.0293332,0.165555556,0.115,0.51,0,0.147218214
EMC3.31.2018,EMC,2018,3,31,9,40.4,0,36.42857143,400,0,37.51869565,0.74,744,0,154.3663188,6.171304348,0.83,65.5,0,15.04366079,36.19332298,3.117857143,487.4785714,0,102.0640014,184.2495652,13.8,1910,0,420.4689768,1.3,0.23,8.78,0,2.739415996
WMC3.31.2018,WMC,2018,3,31,9,40.4,2.68,14.29642857,96.7,0.13,48.1473913,5.19,556,0.16,118.4444235,37.27326087,7.87,524,0,111.934769,114.503323,15.22571429,1363.285714,0.801428571,286.0125152,538.79,96.7,4920,2.66,1065.768131,5.103478261,1.87,60,0,12.52453904
MR4.1.2018,MR,2018,4,1,9,8.82,4.585,6.702142857,17.7,4.3,104.1613043,18.3,1970,0.37,407.0468434,56.30782609,18.1,565,0.5,123.9362909,110.390559,23.34285714,1050.714286,0.496428571,270.7123268,386.5208696,32.1,4820,0.59,1080.612357,17.92173913,16.6,49,0.18,14.91571461
PLC4.1.2018,PLC,2018,4,1,9,7.97,0.955,63.92642857,676,0.71,56.19956522,1.93,1250,0,260.2447968,4.305,1.355,36.55,0.03,9.050129708,42.23434783,5.000714286,346.7135714,0.030714286,96.11892235,301.2069565,41.5,2550,0.05,662.1194387,1.30826087,1.2,3.53,0,1.034595451
AR4.7.2018,AR,2018,4,7,9,3.41,3.54,4.867857143,16.1,3.16,55.97826087,5.84,1090,2.51,225.7060113,6.911086957,6.025,22.85,2.925,4.333673373,57.74245342,6.349285714,825.7028571,3.008571429,174.5696345,419.7869565,8.97,5920,3.79,1300.422631,5.285652174,5.34,10.6,2.21,2.251433535
AR4.7.2018,AR,2018,4,7,NA,3.41,3.54,4.867857143,16.1,3.16,55.97826087,5.84,1090,2.51,225.7060113,6.911086957,6.025,22.85,2.925,4.333673373,57.74245342,6.349285714,825.7028571,3.008571429,174.5696345,419.7869565,8.97,5920,3.79,1300.422631,5.285652174,5.34,10.6,2.21,2.251433535
SFC4.7.2018,SFC,2018,4,7,9,0.39,0.535,0.537857143,0.92,0.35,3.701904762,1.34,38.5,0.34,8.273889423,2.339047619,1.535,8.535,0.48,2.387760258,2.454455782,1.5,9.895714286,0.446428571,2.608975001,4.203333333,1.84,24,0.68,5.402204488,1.43047619,0.81,6.5,0.17,1.756142011
TRC4.7.2018,TRC,2018,4,7,9,0.2,0.16,0.504285714,3.95,0.01,NA,NA,NA,NA,NA,NA,NA,NA,NA,NA,NA,NA,NA,NA,NA,NA,NA,NA,NA,NA,NA,NA,NA,NA,NA
EMC5.4.2018,EMC,2018,5,4,10,0.18,4.425,5.767857143,17,0.33,12.01956522,0.58,134,0,31.52069197,4.072608696,1.235,25,0,7.15641144,18.89934783,2.514285714,124.2907143,0.107142857,32.09120611,123.6056522,11.3,816,0.63,227.415056,0.999130435,0.17,11.3,0,2.415869715
GC5.4.2018,GC,2018,5,4,10,0.01,0.29,0.296428571,0.79,0.02,7.630869565,1.1,69,0,16.65224198,5.790434783,1.84,32.8,0,8.970409679,14.41279503,2.184285714,77.86714286,0,23.00472613,81.06434783,7.84,400,0,136.5100601,2.34826087,1.16,9.18,0,2.814276352
WMC5.4.2018,WMC,2018,5,4,10,12.7,8.525,10.34642857,22.2,2.5,126.7843478,13.9,1260,1.77,345.2506102,32.32130435,15,145,1.075,42.54400188,125.2061801,27,564.845,1.760714286,175.2880876,735.0508696,82.6,3140,6,1052.833519,6.80826087,4.29,26.1,0.31,7.132544269
MR5.10.2018,MR,2018,5,10,10,1.62,2.75,2.59,3.3,1.66,144.1909091,10.36,1550,0.07,414.4399352,25.38521739,11,274,0.01,55.44021923,85.96372671,12.78571429,960.1428571,0.02,220.8445202,411.3152174,15.3,6440,0.07,1353.047134,15.70217391,9.81,128,0,26.17534926
PDC5.10.2018,PDC,2018,5,10,10,0,0.025,0.030714286,0.08,0,14.62055556,0.115,252,0,59.27058486,0.977777778,0.17,10.8,0,2.626095974,2.97281746,0.214285714,36.32857143,0,8.696151118,17.60444444,0.34,266,0,62.27497753,0.613888889,0.105,8.32,0,1.932505654
PLC5.10.2018,PLC,2018,5,10,10,0.3,0.385,0.391428571,0.53,0.26,190.2452174,0.63,2780,0,646.9687936,2.753913043,0.89,41,0,8.39579778,18.14248447,1.064285714,189.5992857,0,43.04458407,147.7913043,1.7,1110,0,330.8051604,0.788695652,0.37,3.21,0,0.96548765
AR5.12.2018,AR,2018,5,12,10,2.25,2.715,2.68,3.23,2.26,97.84652174,5.46,1380,1.93,312.7784744,9.286086957,5.635,100.4,1.935,19.97522078,15.1115528,6.22,172.3428571,1.933571429,35.03913323,68.05956522,8.43,808,2.38,175.6379766,4.989565217,4.47,20,1.68,3.71014393
SFC5.12.2018,SFC,2018,5,12,10,0.28,0.305,0.267857143,0.35,0.13,3.181904762,1.45,23.4,0.03,5.824491926,4.057619048,1.285,50,0.19,10.69067615,4.998367347,1.286428571,70.71428571,0.189285714,15.13727007,19.58809524,2,346,0.31,74.89066608,1.176190476,0.39,15,0.01,3.195517918
TRC5.12.2018,TRC,2018,5,12,10,0.01,0.01,0.139285714,1.29,0,NA,NA,NA,NA,NA,NA,NA,NA,NA,NA,NA,NA,NA,NA,NA,NA,NA,NA,NA,NA,NA,NA,NA,NA,NA
SFC6.1.2018,SFC,2018,6,1,11,0.04,0.31,0.287857143,0.48,0.05,2.500952381,1.22,17.2,0.04,3.854685337,2.529285714,1.36,11.83,0.265,3.193511502,15.15785714,1.307142857,233.4278571,0.287857143,50.70773342,105.1680952,1.94,1620,0.43,361.6835208,0.659047619,0.42,2.4,0.04,0.641629993
TRC6.1.2018,TRC,2018,6,1,11,0.17,0.05,0.335714286,2.37,0,NA,NA,NA,NA,NA,NA,NA,NA,NA,NA,NA,NA,NA,NA,NA,NA,NA,NA,NA,NA,NA,NA,NA,NA,NA
EMC6.4.2018,EMC,2018,6,4,11,11,10.9,11.40357143,16.2,7.51,10.66521739,3.5,68.2,0,17.78529139,16.99782609,5.4,142.5,0,31.46538743,46.57531056,10.77214286,246.205,0.021428571,75.2689506,228.7095652,51.4,1350,0.17,387.6166996,2.056521739,0.43,14.6,0,3.706947542
WMC6.4.2018,WMC,2018,6,4,11,10.6,5.94,7.314285714,17.8,1.91,48.09652174,27,232,1.39,60.58544437,106.4065217,21.5,831.5,1.595,192.5719648,218.6423292,29.05,1464.636429,3.171428571,353.4887253,838.5056522,105,6200,5.5,1406.041432,9.197826087,3.39,43.2,0.29,11.50885349
GC6.6.2018,GC,2018,6,6,11,0,0,0.001428571,0.02,0,30.5226087,1.81,431,0,92.52581125,32.79282609,1.195,287,0,64.78701465,71.55282609,3.039285714,368.2857143,0.001428571,118.2153937,307.8430435,13,1440,0.02,487.1651095,3.11,0.25,16,0,4.862313329
MR6.6.2018,MR,2018,6,6,11,0.14,0.395,0.445,0.87,0.19,24.23909091,14.65,105,0.01,28.39977866,34.85159091,11.55,313.5,0.04,68.09017533,88.43821429,17.79285714,747.2564286,0.04,193.3164375,332.7554545,33.35,4010,0.07,886.5165119,16.30272727,6.35,91.5,0.02,23.85419144
PLC6.7.2018,PLC,2018,6,7,11,0.2,0.305,0.329285714,0.56,0.22,6.336521739,1.1,38.8,0,11.38025268,12.95,1.45,132.3,0.06,28.80007327,45.68509317,7.857142857,276.9085714,0.091428571,80.99234285,235.5986957,38,1230,0.28,365.9129481,1.353043478,0.69,6.82,0,1.7092115
AR6.8.2018,AR,2018,6,8,11,1.32,1.76,1.781428571,2.42,1.4,8.052173913,4.3,36,1.3,9.530645288,7.32673913,4,25,1.76,7.010622234,14.43773292,9.792857143,68.89928571,1.781428571,17.77066435,68.11652174,35.4,453,2.42,109.3887849,4.576521739,3.4,20.3,1.3,4.288148158
PDC6.8.2018,PDC,2018,6,8,11,0,0,0,0,0,0.630555556,0.06,6.82,0,1.651845571,1.179722222,0.1025,14.6,0,3.421130047,5.429960317,0.188928571,70.02285714,0,16.4658648,36.48388889,0.355,424,0,101.6250523,0.406111111,0.04,4.25,0,1.014414574
AR7.1.2018,AR,2018,7,1,12,6.51,18,263.3164286,2080,1.53,25.10565217,3.5,176,0.76,47.67750135,7.351304348,3.455,54,1.195,11.33344831,25.38496894,4.363571429,263.3164286,1.205714286,58.61029549,151.4856522,6.86,2080,1.37,445.0745523,3.539130435,3.05,16.4,0.64,3.342626775
MR7.1.2018,MR,2018,7,1,12,44.7,506,2276.217857,9320,0.15,51.23272727,9.84,756,0.04,160.1946738,46.51159091,7.0375,506,0.05,113.5106122,168.9812987,9.173928571,2276.217857,0.057142857,497.4899098,718.6877273,17.1,9320,0.1,2096.581109,11.75090909,4.83,90.3,0,20.22763313
PDC7.1.2018,PDC,2018,7,1,12,0,0.03,0.145714286,0.82,0,10.40777778,0.04,160,0,37.6052286,0.537222222,0.02,6.945,0,1.622464739,4.343015873,0.153571429,67.3,0,15.79037937,30.09666667,0.3,463,0,108.656092,0.121111111,0.005,0.59,0,0.204533584
SFC7.1.2018,SFC,2018,7,1,12,0.75,2.185,432.1235714,2940,0.49,39.10380952,1.33,778,0.16,169.3381102,1.782857143,1.04,13.25,0.14,2.758784411,25.49459184,1.136428571,432.1235714,0.125714286,93.85420593,173.1866667,1.69,2940,0.23,642.2933002,0.522857143,0.41,2.92,0.01,0.631610187
TRC7.1.2018,TRC,2018,7,1,12,0.36,0.885,7.595,35,0.04,NA,NA,NA,NA,NA,NA,NA,NA,NA,NA,NA,NA,NA,NA,NA,NA,NA,NA,NA,NA,NA,NA,NA,NA,NA
EMC7.5.2018,EMC,2018,7,5,12,0.45,2.155,30.19642857,235,0.51,95.82652174,3.2,1760,0,365.5184836,15.28304348,1.495,247,0,51.35577572,54.6457764,3.162857143,502.235,0.005,124.6197683,271.1008696,12.3,2060,0.07,600.3265279,1.111304348,0.17,10.2,0,2.350333254
GC7.5.2018,GC,2018,7,5,12,2.07,5.545,92.65142857,901,0.98,158.6756522,1.67,3510,0,730.6837672,12.17565217,2,102.05,0,27.36154041,80.60673913,3.011428571,1210.091429,0,251.5356161,498.5417391,7.2,8030,0,1666.189589,2.132608696,0.89,15.6,0,3.830667183
PLC7.5.2018,PLC,2018,7,5,12,28.8,7.225,310.265,2790,3.21,45.04086957,1.4,854,0,176.9976108,15.49086957,1.25,259.5,0,53.67819715,67.22428571,6.118571429,611.6928571,0,146.5723837,370.9756522,31.6,2790,0,798.2294584,1.924782609,0.71,22.9,0,4.753964728
WMC7.5.2018,WMC,2018,7,5,12,2.31,9.765,140.9592857,1020,1.66,367.5734783,36,5500,1.57,1149.309661,68.41565217,22.25,805,1.2,165.7017947,207.9692857,47.80714286,1275.45,1.5,352.3204461,998.4047826,117,7150,3.81,1768.960523,11.90347826,8.45,40.8,0.22,11.43144531
EMC7.27.2018,EMC,2018,7,27,13,2.27,2.195,4.067857143,22.9,0.49,56.37478261,2.3,667,0,154.2393515,19.51021739,2.37,213.5,0,45.81905892,51.54838509,4.707142857,365.2785714,0,106.6033598,247.0817391,15,1780,0,497.2507688,1.647391304,0.17,12,0,2.823090211
GC7.27.2018,GC,2018,7,27,13,0,0.005,0.257857143,1.63,0,76.40913043,1.52,1570,0,326.3812321,20.64891304,0.915,247.5,0,55.49536049,60.80686335,2.114285714,561.4357143,0,150.2876273,289.7104348,3.72,3640,0,817.5128811,4.479565217,0.25,58,0,12.3722411
MR7.27.2018,MR,2018,7,27,13,23.3,32.8,33.82142857,47.3,24,185.0463636,7.3,3800,0,807.5576907,27.82954545,10.1125,174.5,0.01,44.61641482,75.81061688,13.795,526.5285714,0.005714286,160.2334335,415.6363636,23.9,3100,0.01,992.343498,15.51227273,7.015,109,0,25.07722149
PLC7.27.2018,PLC,2018,7,27,13,0.64,1.82,2.138571429,7.04,0.67,73.38304348,0.92,943,0,239.9691276,13.88847826,0.985,262,0,54.26640963,38.08270186,1.493571429,306.6764286,0,85.23784986,208.7178261,2.16,1470,0,444.9329278,1.020869565,0.54,5.87,0,1.504622916
WMC7.27.2018,WMC,2018,7,27,13,19.9,21.95,24.77857143,47.8,15.2,167.5217391,49,1080,14.8,291.0381136,81.22195652,41.65,295.5,7.455,85.91335128,188.6164286,49.85714286,1280.285714,8.92,310.7952654,712.1173913,117,4910,22.8,1295.990173,25.76826087,20.1,63.4,0.52,19.28750883
AR8.1.2018,AR,2018,8,1,13,1.21,1.535,1.557857143,2.1,1.19,5.746521739,2.7,56.3,0.39,11.28246814,10.50195652,3.4,142.5,0.36,29.02457433,24.39630435,5.335714286,363.1285714,0.374285714,74.57539402,97.7226087,8.72,1310,0.68,272.3758851,5.783478261,2.82,57.8,0.23,11.62912004
PDC8.1.2018,PDC,2018,8,1,13,0,0,0,0,0,0.602222222,0,5.5,0,1.564035337,0.665555556,0.01,10.06,0,2.352301682,1.366031746,0.009285714,21.81142857,0,5.110000001,5.266666667,0.02,81.8,0,19.16381118,0.280555556,0,3.65,0,0.851762686
SFC8.2.2018,SFC,2018,8,2,13,0.4,1.22,1.228571429,1.91,0.4,7.125714286,1.22,99.2,0.16,21.63075578,11.81119048,1.22,190,0.245,41.15062912,23.87455782,1.222142857,352.8571429,0.237857143,78.73765008,89.22761905,1.57,1060,0.35,270.7234065,6.112857143,0.41,105,0.05,22.78345236
TRC8.2.2018,TRC,2018,8,2,13,0.24,0.11,0.559285714,4,0,NA,NA,NA,NA,NA,NA,NA,NA,NA,NA,NA,NA,NA,NA,NA,NA,NA,NA,NA,NA,NA,NA,NA,NA,NA
PDC8.31.2018,PDC,2018,8,31,14,0,0,0,0,0,0.234444444,0,1.9,0,0.493584991,0.193611111,0,2.45,0,0.575953954,4.344325397,0.001428571,74.26285714,0,17.46056693,46.26444444,0.01,824,0,194.1015939,0.155,0,2,0,0.470172059
TRC8.31.2018,TRC,2018,8,31,14,0.42,0.185,0.327857143,2.03,0.1,NA,NA,NA,NA,NA,NA,NA,NA,NA,NA,NA,NA,NA,NA,NA,NA,NA,NA,NA,NA,NA,NA,NA,NA,NA
EMC9.1.2018,EMC,2018,9,1,14,0.1,0,0.011428571,0.1,0,135.8756522,0.18,2720,0,566.0017207,10.4,0.265,117,0,26.3144156,52.79611801,1.058571429,626.5,0,134.9082719,275.8013043,4.2,2160,0,586.7864597,0.881304348,0.02,11.2,0,2.406776993
WMC9.1.2018,WMC,2018,9,1,14,1.26,0.745,1.045,2.73,0.11,552.656087,8.7,10100,0.32,2125.63809,36.5173913,10.9,260.5,0.745,65.07412761,157.0422671,18.88571429,1724.094286,0.842142857,365.8899541,766.0434783,49.1,6800,1.57,1670.220574,6.825217391,3.83,28.2,0.11,7.090804461
AR9.11.2018,AR,2018,9,11,14,5.01,2.785,2.745714286,4.45,1.72,23.54826087,6.15,152,0.61,37.79939221,8.908913043,3.945,88,0.65,18.03542215,59.16913043,5.321428571,1064.592857,0.689285714,220.7023862,295.8086957,8.57,5500,0.93,1140.319932,3.587391304,3.3,10.5,0.6,2.438313906
SFC9.18.2018,SFC,2018,9,18,14,2.75,7.245,72.45142857,602,1.31,134.1885714,1.67,1190,0.17,339.5904831,2.94952381,1.35,16.05,0.115,4.095751123,20.99081633,1.798571429,133.8492857,0.107142857,34.97533384,140.9552381,3.99,680,0.15,231.5652887,1.668571429,0.56,11.7,0.04,3.277540672
PLC9.25.2018,PLC,2018,9,25,14,1.23,4.26,342.715,2940,0.65,84.12590909,1.21,1480,0,317.2662792,18.22636364,1.4475,169.5,0,44.60005953,85.43230519,4.590357143,569.0214286,0.001428571,169.2055744,465.7790909,26.1,2940,0.02,888.5669009,2.291363636,0.575,25.9,0,5.565080152
MR10.9.2018,MR,2018,10,9,14,85.1,74.25,109.1,224,48.6,48.17173913,20.8,337,0,74.52752351,29.30173913,15,133,0,35.16293938,68.40801242,20.06428571,464.3971429,0.028571429,107.93351,322.6182609,26.5,3260,0.28,712.332826,17.02,9.01,51.2,0,18.87584917
MR11.4.2018,MR,2018,11,4,15,55.9,282.5,569.6071429,1980,62.5,42.4326087,13.2,480,0,98.89610587,50.92782609,19.35,379,0,97.03368003,152.1650932,20,1276.864286,0,337.1578363,794.4295652,23.4,7600,0,1992.775639,18.7626087,13.6,98,0,24.01008713
PDC11.4.2018,PDC,2018,11,4,15,0.26,1.48,42.92714286,507,0.28,20.90176471,0.1,352,0,85.32239508,0.275,0.1,1.48,0,0.395375613,7.863109244,0.097857143,73.21214286,0,19.81732738,94.72882353,0.11,912,0,244.5016288,0.131176471,0.06,0.48,0,0.168629859
PLC11.4.2018,PLC,2018,11,4,15,1.29,4.88,55.4,330,1.09,175.9843478,1.29,3950,0,822.7935966,11.35630435,1.85,209,0,43.26251406,40.97142857,2.305,633.69,0,132.2451978,217.4447826,3.38,2680,0,602.7166426,1.335217391,0.74,7.76,0,1.76805715
AR11.11.2018,AR,2018,11,11,15,72,6.74,43.04071429,399,5.28,9.379130435,6.1,72,2.78,14.10867396,6.832173913,5.2,30.35,3.045,5.66728908,15.78037267,5.990714286,93.07142857,3.192142857,23.24478479,90.67347826,8.61,614,3.32,182.9162884,5.370434783,4.01,17.3,1.65,3.47135221
SFC11.11.2018,SFC,2018,11,11,15,1.55,1.205,1.219285714,1.79,0.78,1.7265,1.29,8.96,0.08,1.902459004,1.702,1.175,6.185,0.08,1.513799159,1.689357143,1.232857143,6.065,0.082857143,1.449285036,2.581,1.55,9.13,0.14,2.34680948,0.944,0.635,3.14,0.03,0.871383655
TRC11.11.2018,TRC,2018,11,11,15,0.43,0.195,1.103571429,12.2,0.11,NA,NA,NA,NA,NA,NA,NA,NA,NA,NA,NA,NA,NA,NA,NA,NA,NA,NA,NA,NA,NA,NA,NA,NA,NA
EMC11.15.2018,EMC,2018,11,15,15,4.56,15.15,36.79714286,150,3.21,75.60695652,0.29,1690,0,351.9660509,6.718913043,0.44,95.8,0,20.03929911,48.96409938,2.287142857,594.8407143,0,137.243476,281.0147826,13.8,3000,0,755.6825396,0.61,0.1,4.99,0,1.20754823
WMC11.15.2018,WMC,2018,11,15,15,22.5,100.55,289.0214286,1370,34.6,271.596087,2.77,5970,0,1242.509381,44.33869565,8.295,540.5,0.045,111.6094523,170.4455901,14.89285714,2023.942857,0.144285714,439.615464,893.7095652,60,8600,0.92,2165.025779,6.933043478,2.22,53.4,0,12.78861334
EMC3.9.2019,EMC,2019,3,9,16,2.16,6.24,21.36285714,77.6,1.29,38.60304348,0.45,710,0,148.2943549,7.655869565,0.255,141,0,29.19151537,16.48916149,1.557142857,166.2678571,0,40.95856647,67.02956522,2.7,537,0,144.6465047,0.338695652,0.08,1.29,0,0.453805168
WMC3.9.2019,WMC,2019,3,9,16,6.15,24.55,259.1492857,1320,1.8,136.6521739,2.43,1650,0,376.9139727,33.51521739,5.4,394.5,0,83.02876931,94.34037267,11.24,648.9978571,0,167.4565404,443.9556522,56,3530,0,803.7453795,2.055217391,0.99,7.7,0,2.188047842
MR3.10.2019,MR,2019,3,10,16,22.4,28.8,42.67857143,141,20.9,177.6782609,14,1530,0.38,435.1154266,63.31543478,12,1095,0.115,225.4140482,104.8897205,14.55285714,1940.857143,0.139285714,400.8633585,387.4847826,24.5,7480,0.31,1550.486197,14.30695652,10.2,38.6,0.02,13.17708287
PDC3.10.2019,PDC,2019,3,10,16,1.05,0.74,1.787142857,14.1,0.34,10.35055556,0.185,151,0,35.83957137,0.697777778,0.1475,8.495,0,1.966706879,4.552619048,0.183214286,57.375,0,13.55861817,37.75888889,0.195,390,0,98.65944133,0.22,0.13,0.86,0,0.264575131
GC3.12.2019,GC,2019,3,12,16,4.21,14.05,51.69428571,261,4.76,202.5817391,3.9,3100,0,665.7081805,9.928695652,2.6,130.5,0,26.85479051,37.53770186,3.627857143,269.5357143,0.002142857,70.82784761,217.6156522,9.9,1490,0.03,436.7854179,4.173043478,1.6,48.7,0,9.895553839
PLC3.12.2019,PLC,2019,3,12,16,2.21,8.25,54.85928571,430,2.47,167.2526087,1.93,2130,0.04,514.241901,9.666521739,1.085,181.5,0.045,37.52939592,52.80406832,2.301428571,470.6928571,0.057857143,114.5983568,346.9578261,3.31,2120,0.09,663.1675284,2.651304348,0.84,40.4,0,8.261685006
AR3.21.2019,AR,2019,3,21,16,5.45,5.12,5.026428571,5.34,4.5,22.61347826,6.4,332,3.13,67.65477834,8.113043478,6.2,28.5,3.355,6.442762102,39.69559006,7.14,256.9,3.636428571,70.66994342,295.7056522,9.12,2930,4.21,681.6571688,5.382173913,4.74,16,2.5,2.932009792
SFC3.21.2019,SFC,2019,3,21,16,1.32,1.525,1.500714286,1.7,1.28,6.068,1.45,48.1,0.28,12.23259219,2.4785,1.3725,11.15,0.295,2.714133622,4.88975,1.3275,25.925,0.297857143,7.897669609,27.891,1.755,268,0.43,68.34213064,1.3965,0.75,7.61,0.15,1.764946026
TRC3.21.2019,TRC,2019,3,21,16,0.23,0.29,0.565,3.62,0.01,NA,NA,NA,NA,NA,NA,NA,NA,NA,NA,NA,NA,NA,NA,NA,NA,NA,NA,NA,NA,NA,NA,NA,NA,NA
