UID,Site,Year,Month,Day,Cycle,Canopy.Total,Depth.Right,Depth.Mn,Depth.Mx,Depth.Mid,Conductivity,Canopy.Density.Right,Canopy.Density.Left,Canopy.Density.Mid,Temperature,DO_.sat,DO_mg.L,salinity_psu,pH.x,Depth.Left,Width,Green.Algae,Bluegreen.cyano,Diatoms,NO3N,NH4.N,Ortho.P,sand,cobble,silt,boulder,gravel,bedrock,,,,,,,,,,,,,,,,,,,,,,,,,,,,,
SFC3.6.2017,SFC,2017,3,6,0,0.740990991,0.0575,0.1375,0.26,0.1925,979,0.736486487,0.72972973,0.736486487,23.275,68.5,5.828653376,0.500788514,6.4275,0.1625,2.7925,0.04875,0.295625,0.58625,14.72,0.1825,2.1425,0.2625,0.1375,0.4,0,0.2,0,,,,,,,,,,,,,,,,,,,,,,,,,,,,,
PDC3.12.2017,PDC,2017,3,12,0,0.009009009,0.005,0.107083334,0.28625,0.28625,736.75,0.013513514,0.006756757,0.006756757,18.875,77.65,7.203490726,0.411616251,7.1825,0.03,3.755,0.0875,0.4825,0.1384375,0.022465,0.1325,0.0625,0.575,0.125,0,0.125,0.175,0,,,,,,,,,,,,,,,,,,,,,,,,,,,,,
AR3.14.2017,AR,2017,3,14,0,0.585585586,0.075,0.199583333,0.31375,0.26625,710.125,0.418918919,0.702702703,0.635135135,19.05,82.8,7.654114444,0.398927918,7.0775,0.2575,3.475,0.0125,1.103125,0.8075,4.099125,0.13875,1.62,0.175,0.3375,0.0375,0,0.45,0,,,,,,,,,,,,,,,,,,,,,,,,,,,,,
TRC3.22.2017,TRC,2017,3,22,0,0.515765766,0,0.100833333,0.29,0.2025,8923,0.520270271,0.540540541,0.486486487,22.525,120.225,9.971382913,5.262375558,7.9875,0.1,4.0375,0.03,0.42375,0.350625,0.0625,0.1625,0.11,0.1375,0,0.55,0,0.15,0,,,,,,,,,,,,,,,,,,,,,,,,,,,,,
GC4.2.2017,GC,2017,4,2,0,0.736486487,0.17,0.190833333,0.375,0.375,517.75,0.722972973,0.783783784,0.702702703,22.575,64.7,5.586604558,0.26375128,7.135,0.0275,6.8,0.0975,0.2,0.525,0.108315,0.095,0.0875,0.6875,0,0.1,0,0.2125,0,,,,,,,,,,,,,,,,,,,,,,,,,,,,,
MR4.2.2017,MR,2017,4,2,0,0.567567568,0.1325,0.235833333,0.4975,0.4725,1291,0.648648649,0.702702703,0.506756757,23.6,62.45,5.276607336,0.663132374,7.215,0.12375,6.6125,0.022916667,0.23875,0.4825,0.0325,0.1275,0.055,0.248333333,0.025,0.478333333,0.0325,0.215833333,0,,,,,,,,,,,,,,,,,,,,,,,,,,,,,
PLC4.2.2017,PLC,2017,4,2,0,0.292792793,0.065,0.149166667,0.3325,0.3325,1135.5,0.317567568,0.25,0.310810811,24.625,103.65,8.596173417,0.567502831,7.3125,0.05,3.725,0.0025,0.28825,0.685,1.107975,0.13,0.0575,0.2,0.225,0.525,0,0.05,0,,,,,,,,,,,,,,,,,,,,,,,,,,,,,
AR7.27.2017,AR,2017,7,27,0.5,0.713963964,0.0925,0.161666667,0.23,0.22375,562.5,0.645270271,0.766891892,0.716216216,28.1,46,3.589284794,0.25637947,7.475,0.1125,3.25625,0.0125,1.103125,0.8075,4.099125,0.13875,1.62,0.2375,0.19375,0.05625,0,0.4375,0,,,,,,,,,,,,,,,,,,,,,,,,,,,,,
GC8.18.2017,GC,2017,8,18,1,0.833333334,0.05125,0.082916667,0.1775,0.1775,536.15,0.783783784,0.878378379,0.837837838,29.1,94.825,7.217547597,0.240742078,7.885,0.02,5.925,0.1,1.4025,1.35,0.53168,0.07,1.0025,0.65,0,0.2625,0,0.0875,0,,,,,,,,,,,,,,,,,,,,,,,,,,,,,
MR8.18.2017,MR,2017,8,18,1,0.837837838,0.07,0.11875,0.245,0.245,2789.75,0.695945946,0.932432433,0.885135135,28.6,39.375,3.026804161,1.339497208,7.4175,0.04125,4.025,0.09,0.285,0.2025,0.0082025,0.0975,0.0425,0.45,0.025,0.425,0.025,0.075,0,,,,,,,,,,,,,,,,,,,,,,,,,,,,,
PDC8.18.2017,PDC,2017,8,18,1,0,0.0275,0.075833333,0.16125,0.16125,1272.25,0,0,0,31.15,88.275,6.51796635,0.559323698,7.6,0.03875,1.2625,0.4025,0.8,0.08,0.71675,0.0625,0.0575,0.55,0.125,0.1,0.125,0.1,0,,,,,,,,,,,,,,,,,,,,,,,,,,,,,
PLC8.18.2017,PLC,2017,8,18,1,0.713963964,0.0425,0.086666667,0.1775,0.1775,1519.25,0.810810811,0.641891892,0.689189189,31.05,116.825,8.640787538,0.674291753,8.035,0.04,2.86,0,1.4875,1.6975,0.005,0.0875,0.1,0.525,0.25,0.2,0,0.025,0,,,,,,,,,,,,,,,,,,,,,,,,,,,,,
AR8.20.2017,AR,2017,8,20,1,0.707207208,0.055,0.09375,0.1725,0.165,1775.25,0.614864865,0.770270271,0.736486487,30.375,93.8,7.013206315,0.803978528,7.81,0.06125,3.065,0.2675,0.35,0.26,3.510025,0.125,1.58,0.45,0.3125,0,0,0.2375,0,,,,,,,,,,,,,,,,,,,,,,,,,,,,,
SFC8.20.2017,SFC,2017,8,20,1,0.682432433,0.05625,0.088333333,0.18875,0.18875,1254,0.675675676,0.68918919,0.682432433,30,72.6,5.470704359,0.563632069,7.245,0.02,3.14125,0.005,0.78125,1.04625,8.333,0.135,0.6275,0.25,0.05,0.4,0,0.3,0,,,,,,,,,,,,,,,,,,,,,,,,,,,,,
TRC8.20.2017,TRC,2017,8,20,1,0.686936937,0.07625,0.132916667,0.24375,0.24375,6307.25,0.486486487,0.945945946,0.628378379,28.075,16.35,1.270583515,3.23342557,7.4525,0.07875,3.805,0.2325,0.785,0.905,0.05761,0.2325,0.095,0.1375,0,0.475,0.025,0.15,0.2125,,,,,,,,,,,,,,,,,,,,,,,,,,,,,
EMC8.23.2017,EMC,2017,8,23,1,0.236486486,0.0975,0.310833334,0.615,0.6,618.5,0.466216217,0.216216216,0.027027027,31.075,115.375,8.553180817,0.266723468,8.3,0.235,5.1175,0.095,0.36,0.3525,0.0182075,0.0475,0.06,0.1875,0,0.475,0,0.3375,0,,,,,,,,,,,,,,,,,,,,,,,,,,,,,
WMC8.23.2017,WMC,2017,8,23,1,0.252252252,0.065,0.3575,0.7975,0.7975,859.25,0.263513514,0.236486487,0.256756757,27.75,49.85,3.910770752,0.398497732,8.7425,0.21,6.25,0.0275,0.1625,0.1025,0.1367,0.12,0.1975,0.4625,0.0375,0.325,0.025,0.15,0,,,,,,,,,,,,,,,,,,,,,,,,,,,,,
AR9.6.2017,AR,2017,9,6,2,0.880630631,0.1175,0.2125,0.325,0.25,733.75,0.790540541,0.952702703,0.898648649,27.65,51.15,4.020912577,0.339456858,8.625,0.27,3.25625,0.175,1.4025,1.00025,1.499225,0.0925,1.2125,0.5,0.2625,0.15,0,0.0875,0,,,,,,,,,,,,,,,,,,,,,,,,,,,,,
MR9.6.2017,MR,2017,9,6,2,0.561561562,0.145,0.268333334,0.48125,0.46875,1339.875,0.591216217,0.702702703,0.506756757,23.4125,73.625,6.530571429,0.70683839,8.0925,0.12375,6.6125,0.022916667,0.23875,0.4825,0.0339875,0.135,0.07,0.75,0,0.1125,0.025,0.075,0,,,,,,,,,,,,,,,,,,,,,,,,,,,,,
SFC9.8.2017,SFC,2017,9,8,2,0.387387388,0.0475,0.086666667,0.1825,0.18,1227,0.358108108,0.432432433,0.371621622,24.675,63.95,5.280211305,0.614614065,8.9825,0.0325,3.875,0.005,0.125,0.1775,18.425,0.16,8.8325,0.25,0.05,0.4,0,0.3,0,,,,,,,,,,,,,,,,,,,,,,,,,,,,,
TRC9.8.2017,TRC,2017,9,8,2,0.592342342,0.11,0.123333334,0.22,0.22,5409.75,0.695945946,0.560810811,0.52027027,25.925,70.425,5.474796438,2.892813548,8.925,0.04,3.3375,0.0125,0.5425,0.375,0.1642,0.1575,0.5325,0,0,0.375,0,0.4,0.225,,,,,,,,,,,,,,,,,,,,,,,,,,,,,
EMC9.11.2017,EMC,2017,9,11,2,0.015765766,0.1875,0.333333333,0.5625,0.5625,360.6,0.027027027,0.02027027,0,25.85,55.75,4.530768219,0.171097377,7.395,0.25,5.325,0.0375,0.1375,0.275,0.2205075,0.08,0.1775,0.425,0,0.325,0,0.25,0,,,,,,,,,,,,,,,,,,,,,,,,,,,,,
GC9.11.2017,GC,2017,9,11,2,0.551801802,0.125,0.185,0.3925,0.3925,485,0.506756757,0.628378379,0.52027027,23.425,55.9,4.750247051,0.242358595,7.2425,0.0375,6.625,0.0125,0.17,0.245,0.075745,0.095,0.065,0.8475,0,0.0375,0,0.115,0,,,,,,,,,,,,,,,,,,,,,,,,,,,,,
PDC9.11.2017,PDC,2017,9,11,2,0,0.045,0.165,0.45,0.45,755.75,0,0,0,23.325,51.25,4.361006798,0.382713511,7.0675,0,4.6125,0.0175,0.4875,0,0.712645,0.105,0.2975,0.3375,0.075,0.125,0.2125,0.25,0,,,,,,,,,,,,,,,,,,,,,,,,,,,,,
PLC9.11.2017,PLC,2017,9,11,2,0.533783784,0.125,0.185,0.4,0.4,1434.75,0.601351352,0.47972973,0.52027027,26.85,149.925,11.93127568,0.691041304,7.6225,0.03,3.825,0,0.15,0.55,1.107975,0.075,0.0425,0.2875,0.225,0.45,0,0.0375,0,,,,,,,,,,,,,,,,,,,,,,,,,,,,,
WMC9.11.2017,WMC,2017,9,11,2,0.231981982,0.245,0.200833333,0.48,0.28,220.9,0.216216216,0.364864865,0.114864865,24.125,60.1625,5.049645045,0.109087644,7.3975,0.0775,8.225,0.03625,0.37125,0.06,0.162075,0.085,0.285,0.3375,0.275,0.2875,0.1,0,0,,,,,,,,,,,,,,,,,,,,,,,,,,,,,
AR9.12.2017,AR,2017,9,12,3,0.716216217,0.0625,0.177083334,0.32375,0.29625,1093.25,0.594594595,0.885135135,0.668918919,26.45,80.925,6.494279215,0.525224883,7.9275,0.1725,2.925,0,1.2425,0.7575,3.21905,0.0825,1.66,0.225,0.075,0.025,0,0.675,0,,,,,,,,,,,,,,,,,,,,,,,,,,,,,
SFC9.19.2017,SFC,2017,9,19,3,0.975225225,0.10875,0.136666667,0.2075,0.2075,1387.75,0.972972973,0.97972973,0.972972973,30.175,81.55,6.124544673,0.624142524,7.665,0.09375,3.4275,0.0675,0.11,0.3,15.895,0.1225,2.7825,0.458715597,0.075,0.041907845,0,0.424376559,0,,,,,,,,,,,,,,,,,,,,,,,,,,,,,
TRC9.25.2017,TRC,2017,9,25,3,0.81981982,0.23,0.195833334,0.355,0.3,4199.75,0.70945946,0.898648649,0.851351352,26.275,3.8,0.303637166,2.168919352,7.065,0.0575,4.27,0.015,0.0925,0.0525,0.024655,0.0425,0.1725,0.270833333,0,0.458333333,0,0.270833333,0,,,,,,,,,,,,,,,,,,,,,,,,,,,,,
MR9.26.2017,MR,2017,9,26,3,0.684684685,0.2,0.285,0.5125,0.5125,1577.5,0.628378378,0.804054054,0.621621622,27.65,65.225,5.115958831,0.750544406,7.5425,0.1425,9.1,0.0125,0.3675,0.92,0.07887,0.145,0.055,0.85,0,0,0.15,0,0,,,,,,,,,,,,,,,,,,,,,,,,,,,,,
EMC9.30.2017,EMC,2017,9,30,3,0,0.28,0.406666667,0.825,0.775,240.975,0,0,0,27.3,68.525,5.427698924,0.112001864,7.1925,0.165,5.475,0.115,0.125,0.11,0.3794,0.145,0.1075,0.3,0.2,0.35,0,0.15,0,,,,,,,,,,,,,,,,,,,,,,,,,,,,,
WMC9.30.2017,WMC,2017,9,30,3,0.743243244,0.2,0.277916667,0.6075,0.59875,169.025,0.75,0.689189189,0.662162163,25.6,60.55,4.946425935,0.082304784,6.5125,0.08625,8.1375,0.0125,0.154375,0.24875,0.37775,0.1425,0.27,0.8375,0,0.1625,0,0,0,,,,,,,,,,,,,,,,,,,,,,,,,,,,,
GC10.3.2017,GC,2017,10,3,3,0.941441442,0,0.16,0.48,0.48,321.675,0.952702703,0.966216216,0.905405406,26.3,47.825,3.855989915,0.151388169,7.0475,0,9.05,0.0025,0.045,0.035,0.0637125,0.085,0.06,0.7875,0,0.125,0,0.1,0,,,,,,,,,,,,,,,,,,,,,,,,,,,,,
PDC10.4.2017,PDC,2017,10,4,3,0,0.1225,0.311666667,0.6525,0.6525,890.75,0,0,0,26.85,62.825,5.007586885,0.421178755,7.3,0.16,5.3375,0.053333333,0.488333333,0.044583333,0.0136475,0.0525,0.055,0.375,0.075,0.125,0.3125,0.1125,0,,,,,,,,,,,,,,,,,,,,,,,,,,,,,
EMC10.10.2017,EMC,2017,10,10,3,0,0.12,0.308333334,0.58,0.5625,492.175,0,0,0,25.975,71.8,5.820559336,0.233480559,7.3575,0.165,5.35375,0.04125,0.2275,0.2925,0.242625,0.0925,0.13,0.4,0,0.45,0,0.075,0,,,,,,,,,,,,,,,,,,,,,,,,,,,,,
GC10.10.2017,GC,2017,10,10,3,0.726351352,0.10375,0.182916667,0.38,0.35625,468.3,0.722972973,0.733108108,0.702702703,25.375,48.7,3.991551662,0.224698814,7.32,0.07125,5.9875,0.0975,0.2,0.525,0.1077675,0.0775,0.0875,0.7875,0,0.125,0,0.1,0,,,,,,,,,,,,,,,,,,,,,,,,,,,,,
PLC10.10.2017,PLC,2017,10,10,3,0.439189189,0.09,0.188333333,0.45,0.45,1198.75,0.581081081,0.263513514,0.472972973,25.35,77.475,6.339774795,0.591260914,7.4975,0.025,4.8125,0.0025,0.23,0.4975,2.0705,0.0875,0.115,0.575,0.175,0.2,0,0.05,0,,,,,,,,,,,,,,,,,,,,,,,,,,,,,
MR10.31.2017,MR,2017,10,31,4,0.657657658,0.1175,0.1975,0.3875,0.3875,1025.6725,0.641891892,0.824324324,0.506756757,17.825,86.975,8.233589807,0.603647901,7.645,0.0875,5.9625,0.2775,0.37,1.05,0.0071325,0.0575,0.05,0.65,0,0.2,0.025,0.125,0,,,,,,,,,,,,,,,,,,,,,,,,,,,,,
AR11.1.2017,AR,2017,11,1,4,0.711711712,0.1075,0.166666667,0.2725,0.2475,1060.25,0.614864865,0.810810811,0.70945946,20.95,86.55,7.696032972,0.572370589,7.7975,0.145,2.9625,0.0425,2.14,1.6475,11.73375,0.07,2.775,0.4,0.15,0.025,0,0.425,0,,,,,,,,,,,,,,,,,,,,,,,,,,,,,
PDC11.1.2017,PDC,2017,11,1,4,0,0.0475,0.240833334,0.525,0.525,873.75,0,0,0,18.825,69.55,6.462885732,0.491708716,7.6125,0.15,5.28,0.0775,0.375,0.0375,0.0153,0.1025,0.0625,0.26125,0.1125,0.24,0.2875,0.09875,0,,,,,,,,,,,,,,,,,,,,,,,,,,,,,
EMC11.3.2017,EMC,2017,11,3,4,0,0.075,0.276666667,0.6125,0.6125,437.7,0,0,0,23.95,53.9,4.535322154,0.216010832,7.35,0.1425,4.525,0.0075,0.1975,0.36,0.604625,0.0975,0.0675,0.33125,0.025,0.53125,0,0.1125,0,,,,,,,,,,,,,,,,,,,,,,,,,,,,,
WMC11.3.2017,WMC,2017,11,3,4,0.837837838,0.105,0.28125,0.6775,0.59875,495.975,0.824324325,0.844594595,0.844594595,20.925,64.15,5.71860843,0.26158599,7.3675,0.1075,8.79,0,0.135,0.2625,0.019765,0.0675,0.15,1,0,0,0,0,0,,,,,,,,,,,,,,,,,,,,,,,,,,,,,
GC11.4.2017,GC,2017,11,4,4,0.594594595,0.1675,0.19,0.34,0.1325,549.25,0.567567568,0.648648649,0.567567568,22.025,64.95,5.666410737,0.283504137,7.565,0.27,5.275,0.1425,0.2,0.6075,0.108315,0.0625,0.0575,0.795833334,0,0,0,0.204166667,0,,,,,,,,,,,,,,,,,,,,,,,,,,,,,
SFC11.5.2017,SFC,2017,11,5,4,0.583333334,0.0725,0.1,0.17,0.17,1329.5,0.628378379,0.560810811,0.560810811,25.2,54.2,4.446305898,0.660698169,7.2325,0.0575,3.15,0.0675,0.29625,0.6025,14.72,0.125,3.31,0.141666667,0.088888889,0.379166667,0.052777778,0.3375,0,,,,,,,,,,,,,,,,,,,,,,,,,,,,,
TRC11.5.2017,TRC,2017,11,5,4,0.774774775,0.185,0.211666667,0.3625,0.3375,3937,0.797297298,0.756756757,0.770270271,24.75,17.275,1.416872871,2.090744939,7.75,0.1125,4.95,0.0675,0.775,0.6475,0.0407375,0.305,0.1025,0.1375,0,0.55,0,0.15,0,,,,,,,,,,,,,,,,,,,,,,,,,,,,,
PLC11.11.2017,PLC,2017,11,11,4,0.515765766,0.1625,0.260833333,0.53,0.2875,1574.75,0.594594595,0.45945946,0.493243244,17.9,79.675,7.51632175,0.929458948,7.6525,0.3325,3.45,0.03,0.7125,2.2075,3.0795,0.08,0.0325,0.458333333,0.0625,0.366666667,0.0125,0.1,0,,,,,,,,,,,,,,,,,,,,,,,,,,,,,
EMC12.2.2017,EMC,2017,12,2,5,0.04954955,0.163,0.312666667,0.56,0.56,588.25,0.033783784,0.108108108,0.006756757,17.45,68.775,6.571674062,0.337231325,7.5575,0.215,5.7275,0.02,0.975,0.6125,0.3794,0.0925,0.0375,0.583333333,0,0.391666667,0,0.025,0,,,,,,,,,,,,,,,,,,,,,,,,,,,,,
WMC12.2.2017,WMC,2017,12,2,5,0.655405406,0.030625,0.153958333,0.39125,0.34375,688.825,0.621621622,0.682432433,0.662162163,16.325,23.475,2.287298805,0.408006846,7.2875,0.0875,8.1375,0.0025,0.1275,0.235,0.005,0.085,0.25,0.85,0,0.15,0,0,0,,,,,,,,,,,,,,,,,,,,,,,,,,,,,
GC12.3.2017,GC,2017,12,3,5,0.797297298,0.03375,0.124583334,0.30125,0.28375,535,0.797297298,0.797297298,0.797297298,17.575,70.2,6.691883661,0.304952766,7.7125,0.05625,5.475,0.035,0.2,0.525,0.2564,0.06,0.0625,0.825,0,0.075,0,0.1,0,,,,,,,,,,,,,,,,,,,,,,,,,,,,,
PLC12.3.2017,PLC,2017,12,3,5,0.445945946,0.045,0.097083334,0.21625,0.21625,1723.5,0.5,0.412162162,0.425675676,19.1,101.675,9.35730265,0.993174512,7.7575,0.03,3.1425,0.75,1.08125,2.6025,3.3845,0.0775,0.035,0.4625,0.15,0.2625,0.05,0.075,0,,,,,,,,,,,,,,,,,,,,,,,,,,,,,
PDC12.4.2017,PDC,2017,12,4,5,0.027027027,0.11125,0.20375,0.445,0.445,943.75,0.081081081,0,0,20.4,55.75,5.018986623,0.513797173,7.65,0.055,4.86625,0.2425,0.4775,0.3075,0.1169,0.0575,0.0525,0.387662338,0.113636364,0.291883117,0.075,0.131818182,0,,,,,,,,,,,,,,,,,,,,,,,,,,,,,
MR12.5.2017,MR,2017,12,5,5,0.373873874,0.27,0.2775,0.46,0.4575,764.475,0.391891892,0.398648649,0.331081081,21.325,71.475,6.31719194,0.404563413,7.81,0.105,6.6,1.23,0.2475,0.53,0.0095225,0.0675,0.06,0.7,0,0.1625,0.05,0.0875,0,,,,,,,,,,,,,,,,,,,,,,,,,,,,,
AR12.7.2017,AR,2017,12,7,5,0.770270271,0.095,0.169166667,0.27,0.2625,784.775,0.75,0.77027027,0.790540541,13.15,78.65,8.232759219,0.505134216,7.725,0.15,3.5,0.025,1.0725,0.605,14.245,0.105,2.885,0.3375,0.3125,0.075,0,0.275,0,,,,,,,,,,,,,,,,,,,,,,,,,,,,,
SFC12.11.2017,SFC,2017,12,11,5,0.790540541,0.1025,0.283333334,0.59,0.2275,1052.75,0.824324325,0.770270271,0.777027027,18,79.55,7.50325191,0.608654998,7.205,0.52,3.02,0.055,0.52875,1.84125,17.295,0.1225,1.3925,0.086309524,0.035714286,0.5375,0.085714286,0.254761905,0,,,,,,,,,,,,,,,,,,,,,,,,,,,,,
TRC12.11.2017,TRC,2017,12,11,5,0.740990991,0.115,0.134166667,0.245,0.2425,2450.75,0.716216216,0.804054054,0.702702703,8.0875,83.75,9.778022521,1.911420107,7.9425,0.045,3.6,0.0025,0.7575,0.49125,2.3295,0.1625,0.19,0.1,0,0.55,0.025,0.325,0,,,,,,,,,,,,,,,,,,,,,,,,,,,,,
EMC1.4.2018,EMC,2018,1,4,6,0.009009009,0.09,0.243333333,0.5825,0.5825,488.775,0,0.027027027,0,9.05,100.9,11.62258619,0.344223402,7.5925,0.0575,5.175,0.075,0.785,0.79,0.63375,0.2775,0.0525,0.35,0.025,0.55,0,0.075,0,,,,,,,,,,,,,,,,,,,,,,,,,,,,,
GC1.4.2018,GC,2018,1,4,6,0.47972973,0.19,0.2125,0.3625,0.3375,409.775,0.527027027,0.486486487,0.425675676,6.3,88.5,10.90805282,0.309470425,7.6875,0.11,4.9,0.15625,0.1825,0.38625,0.355,0.1925,0.0725,0.7875,0,0.125,0,0.0875,0,,,,,,,,,,,,,,,,,,,,,,,,,,,,,
MR1.4.2018,MR,2018,1,4,6,0.207207207,0.1475,0.2525,0.395,0.37,1212.75,0.168918919,0.324324324,0.128378378,6.9,90.7,10.96933037,0.942861549,7.775,0.24,7.525,0.0225,0.14875,0.5425,0.0365,0.145,0.095,0.65,0.025,0.1125,0.0125,0.2,0,,,,,,,,,,,,,,,,,,,,,,,,,,,,,
PLC1.4.2018,PLC,2018,1,4,6,0.427927928,0.04,0.081666667,0.1775,0.1775,1324,0.493243243,0.371621622,0.418918919,7.525,129.45,15.41257109,1.015434802,7.735,0.0275,2.65,0,0.685,1.975,3.5135,0.2375,0.0575,0.5,0,0.2125,0,0.2875,0,,,,,,,,,,,,,,,,,,,,,,,,,,,,,
WMC1.4.2018,WMC,2018,1,4,6,0.635135136,0.2925,0.311666667,0.6475,0.6025,440.325,0.716216217,0.567567568,0.621621622,7.075,96.125,11.62152121,0.326217118,7.755,0.04,7.725,0.35625,0.14875,0.27875,0.012,0.22,0.0975,0.8375,0,0.1625,0,0,0,,,,,,,,,,,,,,,,,,,,,,,,,,,,,
AR1.5.2018,AR,2018,1,5,6,0.686936937,0.09,0.139166667,0.235,0.2225,731.5,0.587837838,0.743243243,0.72972973,8,97.55,11.51283075,0.538747202,7.7525,0.105,3.2375,0,1.13375,0.97,12.40475,0.1525,1.6425,0.1625,0.175,0.025,0.0125,0.625,0,,,,,,,,,,,,,,,,,,,,,,,,,,,,,
PDC1.5.2018,PDC,2018,1,5,6,0.015765766,0.025,0.2075,0.53,0.53,702.25,0.02027027,0.027027027,0,9,80.325,9.269994208,0.502377621,7.5625,0.0675,5.3875,0.045,0.18125,0.1925,0.02,0.19,0.0875,0.375,0.0875,0.1125,0.325,0.1,0,,,,,,,,,,,,,,,,,,,,,,,,,,,,,
SFC1.5.2018,SFC,2018,1,5,6,0.72972973,0.125,0.153333334,0.2475,0.235,955,0.72972973,0.72972973,0.72972973,13.075,95.5,10.0073501,0.620859529,7.3025,0.1,3.175,0,0.49625,1.6925,15.141,0.3025,2.1425,0.4375,0.0125,0.5,0.025,0.025,0,,,,,,,,,,,,,,,,,,,,,,,,,,,,,
TRC1.5.2018,TRC,2018,1,5,6,0.680180181,0.1225,0.166666667,0.35,0.35,2569,0.635135136,0.763513514,0.641891892,14.9775,199.4,19.8753896,1.67452349,8.4425,0.0275,4.275,0,1.0325,3.1775,0.70325,0.1825,0.11,0.1875,0.025,0.65,0.025,0.1125,0,,,,,,,,,,,,,,,,,,,,,,,,,,,,,
SFC2.2.2018,SFC,2018,2,2,7,0.561734234,0.0625,0.118333334,0.1825,0.1825,1145.5,0.608108108,0.455472973,0.621621622,18.55,88.2,8.224891027,0.656113852,7.5675,0.11,2.825,0.1275,0.295,0.955,17.37775,0.5075,0.755,0.125,0.075,0.375,0,0.425,0,,,,,,,,,,,,,,,,,,,,,,,,,,,,,
AR2.3.2018,AR,2018,2,3,7,0.716216216,0.065,0.0925,0.16,0.15,763.25,0.72972973,0.702702703,0.716216216,14.3,85.575,8.734759408,0.476650515,8.0575,0.0625,3.2175,0.105,2.445,3.005,9.706,0.35,1.2825,0.3,0.25,0.075,0,0.375,0,,,,,,,,,,,,,,,,,,,,,,,,,,,,,
PDC2.3.2018,PDC,2018,2,3,7,0,0.025,0.151666667,0.3825,0.3825,756.4,0,0,0,15.1,99.375,9.979533322,0.463025578,7.875,0.0475,4.345,0.3325,0.195,0.325,0.016,0.3225,0.1275,0.35,0.05,0.25,0.25,0.1,0,,,,,,,,,,,,,,,,,,,,,,,,,,,,,
TRC2.3.2018,TRC,2018,2,3,7,0.453445946,0.0975,0.131666667,0.245,0.245,7184.5,0.506756757,0.340067568,0.513513514,14.8,39.75,3.997407024,5.045614787,7.73,0.0525,2.925,0.0375,0.565,1.0525,0.11,0.4075,0.1025,0.1375,0,0.55,0,0.15,0,,,,,,,,,,,,,,,,,,,,,,,,,,,,,
MR2.5.2018,MR,2018,2,5,7,0.635135136,0.1425,0.259166667,0.4525,0.38,1697.5,0.587837838,0.763513514,0.554054054,17.175,81.5,7.799873524,1.023294301,7.92,0.255,5.73,0.095,0.1725,0.435,0.0305,0.25,0.15,0.8,0.0125,0.1125,0,0.075,0,,,,,,,,,,,,,,,,,,,,,,,,,,,,,
EMC2.9.2018,EMC,2018,2,9,7,0.087837838,0.04625,0.21625,0.4825,0.4825,534.75,0.060810811,0.182432432,0.02027027,13.575,86.65,8.99510954,0.335721889,7.88,0.12,5.5075,0.045,0.2575,0.3325,0.72025,0.2075,0.16,0.375,0,0.6,0,0.025,0,,,,,,,,,,,,,,,,,,,,,,,,,,,,,
WMC2.9.2018,WMC,2018,2,9,7,0.668918919,0.2375,0.305833333,0.595,0.595,621.5,0.736486487,0.662162162,0.608108108,13.575,88.225,9.16205904,0.392342371,7.9425,0.085,8.05,0.0375,0.1975,0.4775,0.0364,0.2575,0.09,0.5,0,0.5,0,0,0,,,,,,,,,,,,,,,,,,,,,,,,,,,,,
GC2.11.2018,GC,2018,2,11,7,0.765765766,0.3175,2.141666667,6.24,6.0375,485.9,0.743243243,0.743243243,0.810810811,12.7,68.125,7.213610017,0.310885985,7.9775,0.07,5.1625,0.0525,0.44,0.7775,0.1555,0.2125,0.2525,0.9125,0,0.0625,0,0.025,0,,,,,,,,,,,,,,,,,,,,,,,,,,,,,
PLC2.11.2018,PLC,2018,2,11,7,0.684684685,0.03875,0.108333333,0.2375,0.2375,1511.25,0.72972973,0.675675676,0.648648649,12.15,82.875,8.843787978,1.028049068,7.9475,0.04875,3.075,0,0.22,0.82,2.89525,0.165,0.07,0.5125,0.0375,0.35,0.025,0.075,0,,,,,,,,,,,,,,,,,,,,,,,,,,,,,
EMC3.2.2018,EMC,2018,3,2,8,0.213963964,0.0425,0.219583334,0.5475,0.5475,490.475,0.202702703,0.22972973,0.20945946,25.35,68.5625,5.88574529,0.250102014,7.86,0.06875,5.585,0.0075,0.0725,0.1,0.34875,0.2675,0.365,0.4625,0,0.5125,0,0.025,0,,,,,,,,,,,,,,,,,,,,,,,,,,,,,
GC3.2.2018,GC,2018,3,2,8,0.439189189,0.2875,0.301666667,0.4425,0.4275,485.9,0.466216216,0.486486486,0.364864865,23,65.2875,5.626507648,0.246230304,7.7,0.19,9.175,0.095,0.6775,1.075,0.031475,0.23,0.09,0.8625,0,0.1375,0,0,0,,,,,,,,,,,,,,,,,,,,,,,,,,,,,
PLC3.2.2018,PLC,2018,3,2,8,0.671171171,0.035,0.07875,0.19,0.185,1389.75,0.685810811,0.625,0.702702703,24.4125,86.7375,7.734902537,0.708551407,8.01375,0.01625,3.1,0,0.335,1.05,0.94325,0.12,0.0425,0.6,0.0375,0.35,0.0125,0,0,,,,,,,,,,,,,,,,,,,,,,,,,,,,,
WMC3.2.2018,WMC,2018,3,2,8,0.743243244,0.1025,0.269166667,0.6075,0.6075,479.425,0.75,0.817567568,0.662162162,24.2,66.375,5.648685057,0.293901554,8.0475,0.0975,8.9875,0.035,0.1025,0.23,1.408,0.205,0.11,0.8075,0,0.1925,0,0,0,,,,,,,,,,,,,,,,,,,,,,,,,,,,,
AR3.3.2018,AR,2018,3,3,8,0.738738739,0.1475,0.159166667,0.225,0.225,1402.25,0.72972973,0.77027027,0.716216216,20.55,67.525,6.044580944,0.773767659,8.01,0.105,3.365,0.265,0.64,0.65,10.14025,0.2125,2.495,0.4,0,0.1,0,0.5,0,,,,,,,,,,,,,,,,,,,,,,,,,,,,,
SFC3.3.2018,SFC,2018,3,3,8,0.898648649,0.07,2.353333334,6.9075,6.9075,1256,0.864864865,0.925675676,0.905405406,21.625,57.925,5.08149709,0.673114252,7.6875,0.0825,3.1225,0.0025,0.26,0.6275,16.039,0.325,2.805,0.325,0.05,0.4,0,0.225,0,,,,,,,,,,,,,,,,,,,,,,,,,,,,,
TRC3.3.2018,TRC,2018,3,3,8,0.844594595,3.375,8.539166667,22.1875,22.1875,2031.75,0.878378379,0.824324325,0.831081081,20.05,37.725,3.405262298,1.155331197,7.7725,0.055,4.11,0.095,0.46,1.01,1.926,0.1625,0.635,0.325,0,0.65,0,0.025,0,,,,,,,,,,,,,,,,,,,,,,,,,,,,,
MR3.5.2018,MR,2018,3,5,8,0.530405405,0.295,0.293333334,0.5275,0.5275,1728.75,0.550675676,0.618243243,0.422297297,23.225,92.5,7.859172351,0.907334069,8.205,0.0575,6.475,0.3475,0.3525,0.96,0.02625,0.2475,0.1,0.425,0.25,0.25,0,0.075,0,,,,,,,,,,,,,,,,,,,,,,,,,,,,,
PDC3.5.2018,PDC,2018,3,5,8,0.123873874,0.0825,0.235,0.5275,0.5275,769.5,0.121621622,0.121621622,0.128378379,21.625,68.425,6.010721354,0.404607034,7.785,0.095,4.47,0,0.3625,0.9125,0.0255,0.18,0.0975,0.3,0,0.475,0.125,0.1,0,,,,,,,,,,,,,,,,,,,,,,,,,,,,,
GC3.30.2018,GC,2018,3,30,9,0.885135135,0.085,0.180833333,0.385,0.385,285.425,0.912162162,0.95945946,0.783783784,20.4,33.775,3.044029454,0.151233925,7.405,0.0725,6.05,0.105,0.2225,0.3775,0.065,0.1175,1.9575,0.75,0,0.25,0,0,0,,,,,,,,,,,,,,,,,,,,,,,,,,,,,
PDC3.30.2018,PDC,2018,3,30,9,0.308558559,0.1875,0.296666667,0.555,0.46,904.75,0.27027027,0.202702703,0.452702703,24.825,119.55,9.883657549,0.446413011,8.0175,0.2425,5.0375,0.0925,0.7675,1.12125,0.01925,0.1425,0.4975,0.4375,0,0.35,0.1125,0.1,0,,,,,,,,,,,,,,,,,,,,,,,,,,,,,
EMC3.31.2018,EMC,2018,3,31,9,0.013513514,0.2375,0.495833333,1.04,1.04,132.4,0.02027027,0.02027027,0,20.9,66.65,5.950931243,0.070980975,7.5075,0.21,7.1,0.01,0.025,0.0275,1.07175,0.3375,2.775,0.775,0,0.2,0,0.025,0,,,,,,,,,,,,,,,,,,,,,,,,,,,,,
WMC3.31.2018,WMC,2018,3,31,9,0.828828829,0.5875,0.479166667,0.845,0.6975,462.875,0.966216216,0.689189189,0.831081081,21.6,71.95,6.331915197,0.240241617,8.1475,0.1525,10.4375,0.015,0.045,0.06,1.557,0.2975,0.18,0.9375,0,0.0625,0,0,0,,,,,,,,,,,,,,,,,,,,,,,,,,,,,
MR4.1.2018,MR,2018,4,1,9,0.650900901,0.105,0.205,0.465,0.465,761.15,0.614864865,0.702702703,0.635135135,23.05,65.7,5.618051475,0.387824075,8.225,0.045,6.625,0.01375,0.4025,0.59875,0.06125,0.2475,1.285,0.7875,0,0.0875,0.1,0.025,0,,,,,,,,,,,,,,,,,,,,,,,,,,,,,
PLC4.1.2018,PLC,2018,4,1,9,0.614864865,0.1625,0.201666667,0.375,0.375,319.875,0.648648649,0.547297297,0.648648649,23.175,70.05,5.983615456,0.160066596,8.1625,0.0675,3.7625,0.0775,0.06,0.1675,1.1075,0.185,1.0075,0.375,0.25,0.375,0,0,0,,,,,,,,,,,,,,,,,,,,,,,,,,,,,
AR4.7.2018,AR,2018,4,7,9,0.781531532,0.09,0.109583333,0.18,0.18,1288.25,0.797297297,0.763513514,0.783783784,23.025,69.05,5.896586907,0.670025266,8.2475,0.05875,4.1125,0,0.9875,0.68,4.099125,0.13875,1.62,0.175,0.15,0.075,0,0.6,0,,,,,,,,,,,,,,,,,,,,,,,,,,,,,
SFC4.7.2018,SFC,2018,4,7,9,0.968468469,0.05375,0.063333334,0.105,0.1025,1216.25,0.97972973,0.986486487,0.939189189,22.45,54.875,4.739395981,0.639033985,7.7925,0.03375,2.975,0.0325,0.1325,0.42125,9.795,0.235,1.2425,0.075,0.05,0.625,0,0.25,0,,,,,,,,,,,,,,,,,,,,,,,,,,,,,
TRC4.7.2018,TRC,2018,4,7,9,0.763513514,0.0975,0.134166667,0.25,0.25,2727.75,0.763513514,0.797297298,0.72972973,20.225,48.0925,4.369186847,1.587482012,8.3275,0.055,3.575,0.01375,0.23625,0.32625,0.04475,0.1375,0.085,0.1375,0,0.55,0,0.15,0,,,,,,,,,,,,,,,,,,,,,,,,,,,,,
EMC5.4.2018,EMC,2018,5,4,10,0.337837838,0.0725,0.2325,0.46,0.46,1463.25,0.290540541,0.466216216,0.256756757,24.85,81.25,6.704997341,0.735720586,8.1025,0.165,4.9125,0.0075,0.27,0.4975,2.061,0.145,0.045,0.425,0,0.5,0,0.075,0,,,,,,,,,,,,,,,,,,,,,,,,,,,,,
GC5.4.2018,GC,2018,5,4,10,0.891891892,0.0875,0.121666667,0.225,0.225,638.5,0.95945946,0.804054054,0.912162162,24.65,65.625,5.440295614,0.313006371,8.1625,0.0525,5.075,0.2125,0.115,0.5475,0.58575,0.0875,0.075,0.5375,0,0.2375,0,0.225,0,,,,,,,,,,,,,,,,,,,,,,,,,,,,,
WMC5.4.2018,WMC,2018,5,4,10,0.925675676,0.11,0.2675,0.65,0.65,996,0.939189189,0.912162162,0.925675676,24.275,66.8,5.578761684,0.498962371,8.275,0.0425,7.8,0.01,0.0725,0.165,1.4335,2.3175,0.06,0.8375,0,0.1625,0,0,0,,,,,,,,,,,,,,,,,,,,,,,,,,,,,
MR5.10.2018,MR,2018,5,10,10,0.398648649,0.065,0.131666667,0.3,0.2925,2793.5,0.591216217,0.702702703,0.506756757,27.95,108.575,8.442610038,1.359316404,8.3525,0.0375,4.9,0.022916667,0.23875,0.4825,0.022,0.1125,0.0425,0.85,0,0.0875,0.05,0.0125,0,,,,,,,,,,,,,,,,,,,,,,,,,,,,,
PDC5.10.2018,PDC,2018,5,10,10,0.009009009,0.03,0.107083333,0.27,0.2525,1007.25,0.027027027,0,0,23.25,68.175,5.799043246,0.51608604,8.22,0.03875,3.9375,0.3225,0.2075,0.1925,0.022465,0.23,0.0725,0.6375,0,0.3125,0,0.05,0,,,,,,,,,,,,,,,,,,,,,,,,,,,,,
PLC5.10.2018,PLC,2018,5,10,10,0.222972973,0.0275,0.082083333,0.195,0.195,24.6475,0.597972974,0.469594595,0.483108109,24.2,64.125,5.396397477,0.01945166,8.4175,0.02375,2.855,0.1175,0.215,0.355,0.0325,0.0525,0.02,0.3625,0.1875,0.4375,0.0125,0,0,,,,,,,,,,,,,,,,,,,,,,,,,,,,,
AR5.12.2018,AR,2018,5,12,10,0.813063063,0.1075,0.115833333,0.1875,0.16,1247,0.736486487,0.918918919,0.783783784,24.55,54.15,4.496322614,0.626581269,8.205,0.08,3.6,0,1.8375,1.2225,4.43225,0.0775,1.6275,0.15,0,0.025,0,0.825,0,,,,,,,,,,,,,,,,,,,,,,,,,,,,,
SFC5.12.2018,SFC,2018,5,12,10,0.81981982,0.0475,0.079166667,0.1325,0.1325,1417,0.817567568,0.844594595,0.797297297,26.8,67.5,5.377132001,0.682837172,7.9975,0.0575,2.895,0.045,0.11,0.32,8.692,0.0525,1.9275,0,0,0.675,0,0.325,0,,,,,,,,,,,,,,,,,,,,,,,,,,,,,
TRC5.12.2018,TRC,2018,5,12,10,0.815315316,2.84,2.693333333,5.1825,5.1825,4135.5,0.939189189,0.763513514,0.743243243,28.825,46.15,3.485603494,2.021390326,8.84,0.0575,3.675,0.04,0.08,0.0925,0.0255,0.1025,0.0275,0.1375,0,0.55,0,0.15,0,,,,,,,,,,,,,,,,,,,,,,,,,,,,,
SFC6.1.2018,SFC,2018,6,1,11,0.740990991,0.1875,0.3125,0.5875,0.5875,1418.25,0.736486487,0.72972973,0.736486487,27.175,54.225,4.288440106,0.678181842,8.405,0.1625,3.07125,0.0525,0.1075,0.2725,16.098,0.0175,2.2075,0.25,0.05,0.4,0,0.3,0,,,,,,,,,,,,,,,,,,,,,,,,,,,,,
TRC6.1.2018,TRC,2018,6,1,11,0.948198198,0.35,0.4375,0.8125,0.8125,3196.25,0.986486487,0.932432433,0.925675676,27.15,7.9,0.623411562,1.593953024,8.2775,0.15,3.6,0.1425,0.3875,0.2575,0.03525,0.1325,0.0925,0.06381579,0.05,0.686184211,0,0.2,0,,,,,,,,,,,,,,,,,,,,,,,,,,,,,
EMC6.4.2018,EMC,2018,6,4,11,0.198198198,0.1425,0.325833333,0.695,0.695,1249.75,0.236486486,0.358108108,0,28.725,62.25,4.795620834,0.576037714,8.28,0.14,5.8,0,0.175,0.2425,1.93225,0.03,0.05,0.5,0,0.3375,0,0.1625,0,,,,,,,,,,,,,,,,,,,,,,,,,,,,,
WMC6.4.2018,WMC,2018,6,4,11,0.93018018,0.22,0.277916667,0.565,0.565,943.5,1,0.858108108,0.932432433,28.375,81.8,6.345516555,0.433432879,8.5425,0.04875,9.425,0,0.16,0.415,0.0835,0,0.095,1,0,0,0,0,0,,,,,,,,,,,,,,,,,,,,,,,,,,,,,
GC6.6.2018,GC,2018,6,6,11,0.716216216,0.035,0.07,0.1125,0.1125,325.25,0.722972973,0.722972973,0.702702703,23,65.2875,5.626507648,0.246230304,7.7,0.07125,5.9875,0.69125,0.585,1.19125,0.03925,0.005,0.945,0.7875,0,0.125,0,0.1,0,,,,,,,,,,,,,,,,,,,,,,,,,,,,,
MR6.6.2018,MR,2018,6,6,11,0.786036036,0.07,0.1225,0.2625,0.2625,4213.75,0.817567568,0.783783784,0.756756757,28.525,40.175,3.072220681,2.075772878,8.04,0.035,3.575,0.12125,0.42125,0.2775,0.015,0.0425,0.06,0.75,0,0.025,0.0875,0.1375,0,,,,,,,,,,,,,,,,,,,,,,,,,,,,,
PLC6.7.2018,PLC,2018,6,7,11,0.47972973,0.04,0.109166667,0.24,0.24,3311.75,0.648648649,0.331081081,0.45945946,29.5,59.675,4.510528528,1.576447148,8.155,0.0475,2.3425,0.1225,0.3115,0.49,0.0335,0.13,0.0425,0.458333333,0.1625,0.35,0,0.05,0,,,,,,,,,,,,,,,,,,,,,,,,,,,,,
AR6.8.2018,AR,2018,6,8,11,0.880630631,0.043,0.066,0.11,0.11,1780.25,0.918918919,0.864864865,0.858108108,29.575,88.425,6.705664284,0.819119522,8.835,0.045,3.25625,0,1.71,1.205,3.766,0.0225,2.665,0.125,0.3875,0.0875,0.05,0.35,0,,,,,,,,,,,,,,,,,,,,,,,,,,,,,
PDC6.8.2018,PDC,2018,6,8,11,0.240990991,0.0325,0.092166667,0.17375,0.17375,1149,0.25,0.277027027,0.195945946,30.4,49.975,3.748508242,0.513286527,8.215,0.07025,3.28,0.0825,0.3525,0.105,0.01875,0.035,0.0875,0.325,0,0.675,0,0,0,,,,,,,,,,,,,,,,,,,,,,,,,,,,,
AR7.1.2018,AR,2018,7,1,12,0.863738739,0.12,0.164166667,0.205,0.2,1671.75,0.787162162,0.932432433,0.871621622,28.475,54.975,4.248977752,0.784219471,7.8925,0.1725,3.275,0,1.0075,0.555,3.0275,0.18,1.405,0.1625,0,0,0,0.8375,0,,,,,,,,,,,,,,,,,,,,,,,,,,,,,
MR7.1.2018,MR,2018,7,1,12,0.407657658,0.2075,0.475833333,0.8325,0.8325,1388.75,0.591216217,0.702702703,0.506756757,28.725,71.6,5.514011283,0.642926834,8.145,0.3875,8,0.0075,0.0325,0.0125,0.1825,0.0975,0.04,0.9375,0,0.0125,0,0.05,0,,,,,,,,,,,,,,,,,,,,,,,,,,,,,
PDC7.1.2018,PDC,2018,7,1,12,0.292792793,0.2375,0.231666667,0.425,0.3725,907.5,0.304054054,0.337837838,0.236486487,30.825,86.5,6.434311788,0.396860577,8.255,0.085,4.0125,0.12,0.715,0.0675,0.0575,0.08,0.0375,0.45,0,0.5,0.05,0,0,,,,,,,,,,,,,,,,,,,,,,,,,,,,,
SFC7.1.2018,SFC,2018,7,1,12,0.842342343,0.04,0.126666667,0.2075,0.2,735.25,0.905405406,0.885135135,0.736486487,23.975,67.375,5.567028983,0.617736797,7.74,0.14,2.75,0.0325,0.2125,0.57,11.4725,0.2125,2.3325,0.2625,0,0.125,0,0.6125,0,,,,,,,,,,,,,,,,,,,,,,,,,,,,,
TRC7.1.2018,TRC,2018,7,1,12,0.957207207,0.1325,0.1425,0.2525,0.235,2941.5,0.939189189,0.993243243,0.939189189,26.9,29.025,2.297829709,1.467078748,8.04,0.06,3.575,0.1625,0.18,0.0975,0.2175,0.8125,0.13,0.4125,0,0.4375,0,0.15,0,,,,,,,,,,,,,,,,,,,,,,,,,,,,,
EMC7.5.2018,EMC,2018,7,5,12,0.193693694,0.28125,0.367916667,0.605,0.495,657,0.554054054,0.013513514,0.013513514,26.525,41.275,3.309566212,0.309988279,7.84,0.3275,5.175,0.1475,0.6,0.535,0.19,0.09,0.1075,0.175,0,0.775,0,0.05,0,,,,,,,,,,,,,,,,,,,,,,,,,,,,,
GC7.5.2018,GC,2018,7,5,12,0.873873874,0.0775,0.177083333,0.39,0.24125,485.9,0.844594595,0.878378379,0.898648649,26.425,50.75,4.080382472,0.228433614,7.91,0.2125,6.375,0.0025,0.165,0.175,0.1875,0.1025,0.1275,0.875,0,0.025,0,0.1,0,,,,,,,,,,,,,,,,,,,,,,,,,,,,,
PLC7.5.2018,PLC,2018,7,5,12,0.612612613,0.0975,0.399166667,0.9075,0.8375,266.875,0.658783784,0.716216216,0.462837838,26.275,77.975,6.290600472,0.12601045,7.9925,0.2625,4.875,0,0.21,0.3825,1.4625,0.1475,0.2375,0.225,0.05,0.525,0,0.2,0,,,,,,,,,,,,,,,,,,,,,,,,,,,,,
WMC7.5.2018,WMC,2018,7,5,12,0.882882883,0.1325,0.144166667,0.2575,0.215,381.7825,0.898648649,0.831081081,0.918918919,25.825,65.95,5.362217214,0.184317903,8.0225,0.085,6.5625,0,0.355,0.75,0.16,0.1175,0.2675,0.775,0,0.225,0,0,0,,,,,,,,,,,,,,,,,,,,,,,,,,,,,
EMC7.27.2018,EMC,2018,7,27,13,0,0.1325,0.308333334,0.5475,0.5475,10.5375,0,0,0,28.75,55.025,4.250440782,0.01517918,8.125,0.245,5.3825,0.0775,0.34,0.31,0.09,0.1725,0.0575,0.325,0,0.425,0,0.25,0,,,,,,,,,,,,,,,,,,,,,,,,,,,,,
GC7.27.2018,GC,2018,7,27,13,0.726351352,0.10375,0.182916667,0.38,0.35625,485.9,0.722972973,0.733108108,0.702702703,23,65.2875,5.626507648,0.246230304,7.7,0.07125,5.9875,0.0975,0.2,0.525,0.0725,0.14,0.0425,0.7875,0,0.125,0,0.1,0,,,,,,,,,,,,,,,,,,,,,,,,,,,,,
MR7.27.2018,MR,2018,7,27,13,0.561561562,0.245,0.345,0.5975,0.5975,1809.25,0.591216217,0.702702703,0.506756757,29,93.225,7.137035344,0.842853882,8.3075,0.1925,7.0575,0.0125,0.1675,0.2325,0.0725,0.1275,0.0475,0.75,0,0.1125,0.025,0.075,0,,,,,,,,,,,,,,,,,,,,,,,,,,,,,
PLC7.27.2018,PLC,2018,7,27,13,0.515765766,0.1175,0.185833334,0.375,0.375,1950.75,0.597972974,0.469594595,0.483108109,29.9,100.275,7.554702427,0.895759115,8.0825,0.065,3.395,0,0.265,0.395,0.1,0.13,0.0225,0.217857143,0,0.782142857,0,0.05,0,,,,,,,,,,,,,,,,,,,,,,,,,,,,,
WMC7.27.2018,WMC,2018,7,27,13,0.743243244,0.4225,0.420833334,0.75,0.6175,8.605,0.75,0.689189189,0.662162163,27.375,79.1,6.260395365,0.014278288,7.9825,0.2225,9.9525,0.0025,0.325,0.43,0.11,0.135,0.035,0.9,0,0.1,0,0,0,,,,,,,,,,,,,,,,,,,,,,,,,,,,,
AR8.1.2018,AR,2018,8,1,13,0.713963964,0.1375,0.239166667,0.47,0.47,1814.75,0.645270271,0.766891892,0.716216216,28.3,66.9,5.183411877,0.857623939,8.515,0.11,3.65,0.0125,1.103125,0.8075,3.0475,0.205,1.55,0.325,0.2125,0.0625,0.0375,0.3625,0,,,,,,,,,,,,,,,,,,,,,,,,,,,,,
PDC8.1.2018,PDC,2018,8,1,13,0,0.0275,0.100833333,0.2175,0.2175,1102.5,0,0,0,25.775,28.65,2.329323862,0.53719674,8.19,0.0575,3.8425,0.19,0.885,0.0575,0.0325,0.2,0.0625,0.45,0.025,0.4,0.125,0,0,,,,,,,,,,,,,,,,,,,,,,,,,,,,,
SFC8.2.2018,SFC,2018,8,2,13,0.740990991,0.0675,0.103333333,0.1675,0.15,10.465,0.736486487,0.72972973,0.736486487,26.75,70.775,5.663353606,0.014705294,8.3375,0.0925,2.55,0.14,0.505,0.7075,9.695,0.2375,2.555,0.3,0.05,0.3875,0.0625,0.2,0,,,,,,,,,,,,,,,,,,,,,,,,,,,,,
TRC8.2.2018,TRC,2018,8,2,13,0.763513514,0.0675,0.138333334,0.285,0.285,2873.25,0.756756757,0.797297298,0.72972973,26.525,19.3,1.540871574,1.442534624,8.41,0.0625,4.5,0.0975,0.34,0.15,0.0625,0.32,0.135,0.05,0.025,0.775,0,0.15,0,,,,,,,,,,,,,,,,,,,,,,,,,,,,,
PDC8.31.2018,PDC,2018,8,31,14,0.04954955,0.23,0.195,0.3025,0.2075,886.75,0,0.121621622,0.027027027,31.1,85.975,6.355609811,0.385965013,8.745,0.1475,2.35,0.0425,0.6425,0.055,0.5625,0.46,0.0425,0.3,0.075,0.45,0.05,0.125,0,,,,,,,,,,,,,,,,,,,,,,,,,,,,,
TRC8.31.2018,TRC,2018,8,31,14,0.86936937,0.0675,0.1275,0.255,0.255,3451.25,0.932432433,0.831081081,0.844594595,26.275,20.7,1.656555779,1.759986446,8.7025,0.06,3.52,0.0225,0.2325,0.1725,0,0.4375,0.275,0.1,0,0.9,0,0,0,,,,,,,,,,,,,,,,,,,,,,,,,,,,,
EMC9.1.2018,EMC,2018,9,1,14,0.29954955,0.095,0.246,0.538,0.538,952.75,0.587837838,0.290540541,0.02027027,27.275,39.2,3.100468484,0.447647136,8.275,0.105,5.0575,1.1825,0.3775,0.2725,0.05,0.1475,0.1425,0.6125,0,0.325,0,0.0625,0,,,,,,,,,,,,,,,,,,,,,,,,,,,,,
WMC9.1.2018,WMC,2018,9,1,14,0.943693694,0.2,0.239166667,0.49,0.4825,838.75,0.952702703,0.918918919,0.95945946,27.5,57.775,4.552887739,0.390664538,8.8125,0.035,6.15,0.0225,0.335,0.47,0.005,0.1575,0.2175,0.875,0,0.125,0,0,0,,,,,,,,,,,,,,,,,,,,,,,,,,,,,
AR9.11.2018,AR,2018,9,11,14,0.628378379,0.1375,0.266666667,0.44,0.4075,1450.05,0.675675676,0.594594595,0.614864865,27.175,77,6.092055228,0.696374918,8.6275,0.255,3.21,0,0.655,0.265,6.4925,0.19,1.6125,0.25,0.0375,0.1125,0,0.6,0,,,,,,,,,,,,,,,,,,,,,,,,,,,,,
SFC9.18.2018,SFC,2018,9,18,14,0.831081081,0.21875,0.269166667,0.3525,0.3525,387.8,0.878378379,0.797297297,0.817567568,29.125,56.125,4.303353038,0.172858388,8.4875,0.23625,3.425,0.225,0.3525,0.315,1.19,0.1825,0.4575,0.25,0.05,0.4,0,0.3,0,,,,,,,,,,,,,,,,,,,,,,,,,,,,,
PLC9.25.2018,PLC,2018,9,25,14,0.578828829,0.19,0.220833333,0.35,0.3425,1183.5,0.581081081,0.567567568,0.587837838,29.5,29.015,2.211482748,0.536002961,8.9275,0.13,3.7925,0.015,0.045,0.09,1.015,0.1825,0.0975,0.2625,0.2875,0.3125,0,0.1375,0,,,,,,,,,,,,,,,,,,,,,,,,,,,,,
MR10.9.2018,MR,2018,10,9,14,0.585585586,0.215,0.534166667,1.0675,1.0675,952.5,0.594594595,0.601351352,0.560810811,26.25,71.15,5.731906562,0.45703382,8.5025,0.32,9.7,0.0125,0.0225,0.025,0.09,0.12,0.04,0.8,0.025,0.075,0,0.1,0,,,,,,,,,,,,,,,,,,,,,,,,,,,,,
MR11.4.2018,MR,2018,11,4,15,0.461711712,0.0825,0.285833333,0.64,0.64,790.25,0.513513514,0.540540541,0.331081081,20.875,75.65,6.743950918,0.422900971,8.885,0.12375,6.6125,0.0125,0.1825,0.16875,0.0325,0.265,0.035,0.75,0,0.1125,0.025,0.075,0,,,,,,,,,,,,,,,,,,,,,,,,,,,,,
PDC11.4.2018,PDC,2018,11,4,15,0.081081081,0.09,0.2825,0.6225,0.6225,515.25,0.168918919,0.074324324,0,20.175,62.8,5.681321769,0.276528802,8.955,0.135,4.1325,0.111875,0.43,0.171875,0.0075,0.1325,0.03,0.381331169,0.075,0.291883117,0.125,0.1,0,,,,,,,,,,,,,,,,,,,,,,,,,,,,,
PLC11.4.2018,PLC,2018,11,4,15,0.671171171,0.175,0.17,0.3025,0.3025,1344.75,0.770270271,0.587837838,0.655405405,21.425,99.125,8.727024612,0.72606151,8.8875,0.0325,2.6425,0.101666667,0.763333333,3.77,3.1625,0.27,0.0575,0.458333333,0.1625,0.35,0,0.05,0,,,,,,,,,,,,,,,,,,,,,,,,,,,,,
AR11.11.2018,AR,2018,11,11,15,0.425675676,0.0325,0.273333334,0.705,0.705,262.8,0.351351351,0.540540541,0.385135135,14.975,83.3,8.396265125,0.156893136,8.2775,0.1125,3.25625,0.0125,1.103125,0.8075,0.9525,0.17,0.3175,0.2375,0.19375,0.05625,0,0.4375,0,,,,,,,,,,,,,,,,,,,,,,,,,,,,,
SFC11.11.2018,SFC,2018,11,11,15,0.740990991,0.1425,0.175833333,0.2875,0.2875,509,0.736486487,0.70945946,0.777027027,17.625,66.625,6.345758252,0.289357788,8.0975,0.0975,2.625,0.5775,0.3825,0.505,4.705,0.26,0.7575,0.175,0.025,0.425,0,0.375,0,,,,,,,,,,,,,,,,,,,,,,,,,,,,,
TRC11.11.2018,TRC,2018,11,11,15,0.961711712,0.1075,0.179166667,0.3625,0.3625,3083.5,0.986486487,0.95945946,0.939189189,16.225,120.3425,11.67894282,1.965181237,8.5575,0.0675,4.4025,0,0.3125,0.2375,1.475,0.085,0.0825,0.1625,0,0.3625,0,0.475,0,,,,,,,,,,,,,,,,,,,,,,,,,,,,,
EMC11.15.2018,EMC,2018,11,15,15,0.22972973,0.1825,0.296666667,0.58,0.58,127.325,0.425675676,0.22972973,0.033783784,10.35,89.325,9.994921322,0.08427787,7.985,0.1275,4.3125,0.01,0.0525,0.0825,0.7025,0.2075,0.39,0.5,0,0.375,0,0.125,0,,,,,,,,,,,,,,,,,,,,,,,,,,,,,
WMC11.15.2018,WMC,2018,11,15,15,0.878378379,0.305,0.399166667,0.7175,0.7175,147.25,0.858108108,0.932432433,0.844594595,9.625,92.7,10.55034328,0.099173569,8.0725,0.175,9.85,0.0075,0.0175,0.005,0.0875,0.0925,0.125,0.8375,0,0.1625,0,0,0,,,,,,,,,,,,,,,,,,,,,,,,,,,,,
EMC3.9.2019,EMC,2019,3,9,16,0.114864865,0.12,0.3225,0.675,0.675,345.175,0.162162162,0.155405405,0.027027027,19.9,68.6,6.242437113,0.18505719,10.3325,0.1725,5.4,0.19,0.1175,0.085,0.3794,0.145,0.1075,0.275,0,0.7,0,0.025,0,,,,,,,,,,,,,,,,,,,,,,,,,,,,,
WMC3.9.2019,WMC,2019,3,9,16,0.630630631,0.3,0.428333334,0.795,0.6725,183.85,0.635135135,0.608108108,0.648648649,18.7,82.075,7.655261321,0.10134382,10.21,0.3125,8.1375,0.01,0.035,0.085,0.09875,0.13875,0.1375,0.9,0,0.1,0,0,0,,,,,,,,,,,,,,,,,,,,,,,,,,,,,
MR3.10.2019,MR,2019,3,10,16,0.555555556,0.4,0.376666667,0.513333333,0.48,1072.333333,0.459459459,0.702702703,0.504504504,21.3,82.66666667,7.302156092,0.575013229,10.53333333,0.25,7.066666667,0.023333333,0.23,0.823333333,0.0325,0.1275,0.055,0.75,0,0.1125,0.025,0.075,0,,,,,,,,,,,,,,,,,,,,,,,,,,,,,
PDC3.10.2019,PDC,2019,3,10,16,0.031531532,0.150416667,0.248333333,0.476666667,0.476666667,798.9166667,0.058558559,0.027027027,0.009009009,20.61875,69.35833334,6.214190827,0.430167634,7.83,0.117916667,4.7,0.0425,1.183333333,4.391666667,0.022465,0.1325,0.0625,0.475,0.4,0.291883117,0,0.125,0,,,,,,,,,,,,,,,,,,,,,,,,,,,,,
GC3.12.2019,GC,2019,3,12,16,0.646396397,0.12575,0.336,0.64725,0.521,329.9,0.662162162,0.675675676,0.601351351,20.85,67.8,6.055960059,0.173230262,11.7425,0.36125,8.6225,0.33875,0.1975,0.525,0.108315,0.095,0.0875,0.75,0,0.15,0,0.1,0,,,,,,,,,,,,,,,,,,,,,,,,,,,,,
PLC3.12.2019,PLC,2019,3,12,16,0.382882883,0.2325,0.244166667,0.4575,0.4425,1501,0.472972973,0.297297297,0.378378379,21.8,90.6,7.915102646,0.807671726,11.405,0.0575,4.2,0.0025,0.77625,2.4475,1.107975,0.13,0.0575,0.6625,0.1625,0.1625,0,0.0125,0,,,,,,,,,,,,,,,,,,,,,,,,,,,,,
AR3.21.2019,AR,2019,3,21,16,0.596846847,0.1325,0.146666667,0.1925,0.1925,1387.75,0.567567568,0.594594595,0.628378379,21.575,88.425,7.761470748,0.747825657,11.735,0.115,3.13,0.135,0.4975,0.8575,4.099125,0.13875,1.62,0.138888889,0.419444445,0.05,0.0125,0.379166667,0,,,,,,,,,,,,,,,,,,,,,,,,,,,,,
SFC3.21.2019,SFC,2019,3,21,16,0.538288289,0.09,0.131666667,0.205,0.1975,987.75,0.493243243,0.621621622,0.5,22.275,67.25,5.83163451,0.516611915,11.455,0.1075,3.1225,0.0275,0.6625,1.8325,14.72,0.1825,2.1425,0.25,0.0625,0.3875,0,0.3,0,,,,,,,,,,,,,,,,,,,,,,,,,,,,,
TRC3.21.2019,TRC,2019,3,21,16,0.657657658,0.0775,0.151666667,0.3,0.3,4834.3525,0.756756757,0.587837838,0.628378379,21.625,22.7,1.9760573,2.838262702,11.05,0.0775,14.3625,0,3.87,2.29625,0.0625,0.1625,0.11,0.1375,0,0.55,0,0.15,0,,,,,,,,,,,,,,,,,,,,,,,,,,,,,
