site,guild,density_total_mean,density_total_sd,lowest_taxon,density_mean,density_sd,date,stream_area,order,family,genus,species,abun,total_abun,month,density,density_total
Semi-Arid,fish,1.0620143481374278,0.44887050938862627,C.carpio,0.019393939393939394,NA,2018-07-01,206.25,Cyprinidontiformes,Cyprinidae,Cyprinus,carpio,4,149,July,0.019393939393939394,0.7224242424242424
Semi-Arid,fish,1.0620143481374278,0.44887050938862627,C.lutrensis,0.05153102382808773,0.03347440430537511,2018-05-12,217.125,Cypriniformes,Leuciscidae,Cyprinella,lutrensis,16,199,May,0.0736902705814623,0.9165227403569373
Semi-Arid,fish,1.0620143481374278,0.44887050938862627,C.lutrensis,0.05153102382808773,0.03347440430537511,2018-06-01,230.34375,Cypriniformes,Leuciscidae,Cyprinella,lutrensis,3,410,June,0.013024013024013023,1.7799484466151132
Semi-Arid,fish,1.0620143481374278,0.44887050938862627,C.lutrensis,0.05153102382808773,0.03347440430537511,2018-07-01,206.25,Cypriniformes,Leuciscidae,Cyprinella,lutrensis,14,149,July,0.06787878787878789,0.7224242424242424
Semi-Arid,fish,1.0620143481374278,0.44887050938862627,C.variegatus,0.03393939393939394,NA,2018-07-01,206.25,Cyprinidontiformes,Cyprinodontidae,Cyprinodon,variegatus,7,149,July,0.03393939393939394,0.7224242424242424
Semi-Arid,fish,1.0620143481374278,0.44887050938862627,G.affinis,0.21893174012920702,0.10221125205235819,2018-05-12,217.125,Cyprinidontiformes,Poeciliidae,Gambusia,affinis,63,199,May,0.29015544041450775,0.9165227403569373
Semi-Arid,fish,1.0620143481374278,0.44887050938862627,G.affinis,0.21893174012920702,0.10221125205235819,2018-06-01,230.34375,Cyprinidontiformes,Poeciliidae,Gambusia,affinis,61,410,June,0.2648215981549315,1.7799484466151132
Semi-Arid,fish,1.0620143481374278,0.44887050938862627,G.affinis,0.21893174012920702,0.10221125205235819,2018-07-01,206.25,Cyprinidontiformes,Poeciliidae,Gambusia,affinis,21,149,July,0.10181818181818182,0.7224242424242424
Semi-Arid,fish,1.0620143481374278,0.44887050938862627,H.cyanoguttatum,0.13936491790262662,0.09914324166059878,2018-05-12,217.125,Cichliformes,Cichlidae,Herichthys,cyanoguttatum,14,199,May,0.0644789867587795,0.9165227403569373
Semi-Arid,fish,1.0620143481374278,0.44887050938862627,H.cyanoguttatum,0.13936491790262662,0.09914324166059878,2018-06-01,230.34375,Cichliformes,Cichlidae,Herichthys,cyanoguttatum,58,410,June,0.2517975851309185,1.7799484466151132
Semi-Arid,fish,1.0620143481374278,0.44887050938862627,H.cyanoguttatum,0.13936491790262662,0.09914324166059878,2018-07-01,206.25,Cichliformes,Cichlidae,Herichthys,cyanoguttatum,21,149,July,0.10181818181818182,0.7224242424242424
Semi-Arid,fish,1.0620143481374278,0.44887050938862627,L.gulosus,0.019393939393939394,NA,2018-07-01,206.25,Centrachiformes,Centrarchidae,Lepomis,gulosus,4,149,July,0.019393939393939394,0.7224242424242424
Semi-Arid,fish,1.0620143481374278,0.44887050938862627,O.aureus,0.013816925734024179,NA,2018-05-12,217.125,Cichliformes,Cichlidae,Oreochromis,aureus,3,199,May,0.013816925734024179,0.9165227403569373
Semi-Arid,fish,1.0620143481374278,0.44887050938862627,P.latipinna,0.6793226322069155,0.48542937589687507,2018-05-12,217.125,Cyprinidontiformes,Poeciliidae,Poecilia,latipinna,97,199,May,0.44674726540011517,0.9165227403569373
Semi-Arid,fish,1.0620143481374278,0.44887050938862627,P.latipinna,0.6793226322069155,0.48542937589687507,2018-06-01,230.34375,Cyprinidontiformes,Poeciliidae,Poecilia,latipinna,285,410,June,1.2372812372812372,1.7799484466151132
Semi-Arid,fish,1.0620143481374278,0.44887050938862627,P.latipinna,0.6793226322069155,0.48542937589687507,2018-07-01,206.25,Cyprinidontiformes,Poeciliidae,Poecilia,latipinna,73,149,July,0.35393939393939394,0.7224242424242424
Semi-Arid,fish,1.0620143481374278,0.44887050938862627,P.vigilax,0.03227751842605038,0.0055871070032813205,2018-05-12,217.125,Cypriniformes,Leuciscidae,Pimephales,vigilax,8,199,May,0.03684513529073115,0.9165227403569373
Semi-Arid,fish,1.0620143481374278,0.44887050938862627,P.vigilax,0.03227751842605038,0.0055871070032813205,2018-06-01,230.34375,Cypriniformes,Leuciscidae,Pimephales,vigilax,6,410,June,0.026048026048026047,1.7799484466151132
Semi-Arid,fish,1.0620143481374278,0.44887050938862627,P.vigilax,0.03227751842605038,0.0055871070032813205,2018-07-01,206.25,Cypriniformes,Leuciscidae,Pimephales,vigilax,7,149,July,0.03393939393939394,0.7224242424242424
Semi-Arid,invertebrate,278.05049088359044,65.6908489002996,Anax,2.150537634408602,NA,2018-06-01,NA,Odonata,Aeshnidae,Anax,NA,2.150537634408602,327.9569892473118,June,2.150537634408602,327.9569892473118
Semi-Arid,invertebrate,278.05049088359044,65.6908489002996,Aphididae,2.6881720430107525,NA,2018-06-01,NA,Hemiptera,Aphididae,NA,NA,2.6881720430107525,327.9569892473118,June,2.6881720430107525,327.9569892473118
Semi-Arid,invertebrate,278.05049088359044,65.6908489002996,Argia,5.376344086021505,3.763440860215054,2018-05-12,NA,Odonata,Coenagrionidae,Argia,NA,9.67741935483871,175.2688172043011,May,9.67741935483871,175.2688172043011
Semi-Arid,invertebrate,278.05049088359044,65.6908489002996,Argia,5.376344086021505,3.763440860215054,2018-06-01,NA,Odonata,Coenagrionidae,Argia,NA,2.6881720430107525,327.9569892473118,June,2.6881720430107525,327.9569892473118
Semi-Arid,invertebrate,278.05049088359044,65.6908489002996,Argia,5.376344086021505,3.763440860215054,2018-07-01,NA,Odonata,Coenagrionidae,Argia,NA,3.7634408602150535,309.6774193548387,July,3.7634408602150535,309.6774193548387
Semi-Arid,invertebrate,278.05049088359044,65.6908489002996,Caenis,46.415770609319,26.56443579023338,2018-05-12,NA,Ephemeroptera,Caenidae,Caenis,NA,74.73118279569893,175.2688172043011,May,74.73118279569893,175.2688172043011
Semi-Arid,invertebrate,278.05049088359044,65.6908489002996,Caenis,46.415770609319,26.56443579023338,2018-06-01,NA,Ephemeroptera,Caenidae,Caenis,NA,42.47311827956989,327.9569892473118,June,42.47311827956989,327.9569892473118
Semi-Arid,invertebrate,278.05049088359044,65.6908489002996,Caenis,46.415770609319,26.56443579023338,2018-07-01,NA,Ephemeroptera,Caenidae,Caenis,NA,22.043010752688172,309.6774193548387,July,22.043010752688172,309.6774193548387
Semi-Arid,invertebrate,278.05049088359044,65.6908489002996,Carabidae,1.6129032258064515,NA,2018-07-01,NA,Coleoptera,Carabidae,NA,NA,1.6129032258064515,309.6774193548387,July,1.6129032258064515,309.6774193548387
Semi-Arid,invertebrate,278.05049088359044,65.6908489002996,Ceratopogon,3.225806451612903,NA,2018-05-12,NA,Diptera,Ceratopogonidae,Ceratopogon,NA,3.225806451612903,175.2688172043011,May,3.225806451612903,175.2688172043011
Semi-Arid,invertebrate,278.05049088359044,65.6908489002996,Chironomidae,50.73924731182796,72.89256381350987,2018-05-12,NA,Diptera,Chironomidae,NA,NA,3.7634408602150535,175.2688172043011,May,3.7634408602150535,175.2688172043011
Semi-Arid,invertebrate,278.05049088359044,65.6908489002996,Chironomidae,50.73924731182796,72.89256381350987,2018-05-12,NA,Diptera,Chironomidae,NA,NA,3.225806451612903,175.2688172043011,May,3.225806451612903,175.2688172043011
Semi-Arid,invertebrate,278.05049088359044,65.6908489002996,Chironomidae,50.73924731182796,72.89256381350987,2018-05-12,NA,Diptera,Chironomidae,NA,NA,19.35483870967742,175.2688172043011,May,19.35483870967742,175.2688172043011
Semi-Arid,invertebrate,278.05049088359044,65.6908489002996,Chironomidae,50.73924731182796,72.89256381350987,2018-06-01,NA,Diptera,Chironomidae,NA,NA,111.82795698924733,327.9569892473118,June,111.82795698924733,327.9569892473118
Semi-Arid,invertebrate,278.05049088359044,65.6908489002996,Chironomidae,50.73924731182796,72.89256381350987,2018-06-01,NA,Diptera,Chironomidae,NA,NA,51.0752688172043,327.9569892473118,June,51.0752688172043,327.9569892473118
Semi-Arid,invertebrate,278.05049088359044,65.6908489002996,Chironomidae,50.73924731182796,72.89256381350987,2018-07-01,NA,Diptera,Chironomidae,NA,NA,9.67741935483871,309.6774193548387,July,9.67741935483871,309.6774193548387
Semi-Arid,invertebrate,278.05049088359044,65.6908489002996,Chironomidae,50.73924731182796,72.89256381350987,2018-07-01,NA,Diptera,Chironomidae,NA,NA,205.3763440860215,309.6774193548387,July,205.3763440860215,309.6774193548387
Semi-Arid,invertebrate,278.05049088359044,65.6908489002996,Chironomidae,50.73924731182796,72.89256381350987,2018-07-01,NA,Diptera,Chironomidae,NA,NA,1.6129032258064515,309.6774193548387,July,1.6129032258064515,309.6774193548387
Semi-Arid,invertebrate,278.05049088359044,65.6908489002996,Chrysomelidae,3.225806451612903,NA,2018-07-01,NA,Coleoptera,Chrysomelidae,NA,NA,3.225806451612903,309.6774193548387,July,3.225806451612903,309.6774193548387
Semi-Arid,invertebrate,278.05049088359044,65.6908489002996,Corbicula,11.29032258064516,9.45075044690696,2018-05-12,NA,Bivalva,Corbiculidae,Corbicula,NA,22.043010752688172,175.2688172043011,May,22.043010752688172,175.2688172043011
Semi-Arid,invertebrate,278.05049088359044,65.6908489002996,Corbicula,11.29032258064516,9.45075044690696,2018-06-01,NA,Bivalva,Corbiculidae,Corbicula,NA,7.526881720430107,327.9569892473118,June,7.526881720430107,327.9569892473118
Semi-Arid,invertebrate,278.05049088359044,65.6908489002996,Corbicula,11.29032258064516,9.45075044690696,2018-07-01,NA,Bivalva,Corbiculidae,Corbicula,NA,4.301075268817204,309.6774193548387,July,4.301075268817204,309.6774193548387
Semi-Arid,invertebrate,278.05049088359044,65.6908489002996,Enallagma,8.064516129032258,7.030482167001086,2018-05-12,NA,Odonata,Coenagrionidae,Enallagma,NA,3.225806451612903,175.2688172043011,May,3.225806451612903,175.2688172043011
Semi-Arid,invertebrate,278.05049088359044,65.6908489002996,Enallagma,8.064516129032258,7.030482167001086,2018-06-01,NA,Odonata,Coenagrionidae,Enallagma,NA,4.838709677419355,327.9569892473118,June,4.838709677419355,327.9569892473118
Semi-Arid,invertebrate,278.05049088359044,65.6908489002996,Enallagma,8.064516129032258,7.030482167001086,2018-07-01,NA,Odonata,Coenagrionidae,Enallagma,NA,16.129032258064516,309.6774193548387,July,16.129032258064516,309.6774193548387
Semi-Arid,invertebrate,278.05049088359044,65.6908489002996,Erpetogomphus,2.150537634408602,NA,2018-07-01,NA,Odonata,Gomphidae,Erpetogomphus,NA,2.150537634408602,309.6774193548387,July,2.150537634408602,309.6774193548387
Semi-Arid,invertebrate,278.05049088359044,65.6908489002996,Hyalella,12.365591397849462,3.7634408602150535,2018-05-12,NA,Amphipoda,Hyalellidae,Hyalella,NA,8.064516129032258,175.2688172043011,May,8.064516129032258,175.2688172043011
Semi-Arid,invertebrate,278.05049088359044,65.6908489002996,Hyalella,12.365591397849462,3.7634408602150535,2018-06-01,NA,Amphipoda,Hyalellidae,Hyalella,NA,13.978494623655914,327.9569892473118,June,13.978494623655914,327.9569892473118
Semi-Arid,invertebrate,278.05049088359044,65.6908489002996,Hyalella,12.365591397849462,3.7634408602150535,2018-07-01,NA,Amphipoda,Hyalellidae,Hyalella,NA,15.053763440860214,309.6774193548387,July,15.053763440860214,309.6774193548387
Semi-Arid,invertebrate,278.05049088359044,65.6908489002996,Hydropsyche,7.526881720430107,NA,2018-05-12,NA,Trichoptera,Hydropsychidae,Hydropsyche,NA,7.526881720430107,175.2688172043011,May,7.526881720430107,175.2688172043011
Semi-Arid,invertebrate,278.05049088359044,65.6908489002996,Libellulidae,2.150537634408602,NA,2018-06-01,NA,Odonata,Libellulidae,NA,NA,2.150537634408602,327.9569892473118,June,2.150537634408602,327.9569892473118
Semi-Arid,invertebrate,278.05049088359044,65.6908489002996,Melanoides,11.29032258064516,1.520659744487199,2018-06-01,NA,Gastropoda,Thiaridae,Melanoides,NA,12.365591397849462,327.9569892473118,June,12.365591397849462,327.9569892473118
Semi-Arid,invertebrate,278.05049088359044,65.6908489002996,Melanoides,11.29032258064516,1.520659744487199,2018-07-01,NA,Gastropoda,Thiaridae,Melanoides,NA,10.21505376344086,309.6774193548387,July,10.21505376344086,309.6774193548387
Semi-Arid,invertebrate,278.05049088359044,65.6908489002996,Microcylloepus,6.451612903225806,4.561979233461598,2018-05-12,NA,Coleoptera,Elmidae,Microcylloepus,NA,3.225806451612903,175.2688172043011,May,3.225806451612903,175.2688172043011
Semi-Arid,invertebrate,278.05049088359044,65.6908489002996,Microcylloepus,6.451612903225806,4.561979233461598,2018-06-01,NA,Coleoptera,Elmidae,Microcylloepus,NA,9.67741935483871,327.9569892473118,June,9.67741935483871,327.9569892473118
Semi-Arid,invertebrate,278.05049088359044,65.6908489002996,Odontomyia,3.7634408602150535,NA,2018-07-01,NA,Diptera,Stratiomyidae,Odontomyia,NA,3.7634408602150535,309.6774193548387,July,3.7634408602150535,309.6774193548387
Semi-Arid,invertebrate,278.05049088359044,65.6908489002996,Physa,1.6129032258064515,NA,2018-07-01,NA,Gastropoda,Physidae,Physa,NA,1.6129032258064515,309.6774193548387,July,1.6129032258064515,309.6774193548387
Semi-Arid,invertebrate,278.05049088359044,65.6908489002996,Probezzia,8.602150537634408,NA,2018-06-01,NA,Diptera,Ceratopogonidae,Probezzia,NA,8.602150537634408,327.9569892473118,June,8.602150537634408,327.9569892473118
Semi-Arid,invertebrate,278.05049088359044,65.6908489002996,Protoneura,18.279569892473116,NA,2018-06-01,NA,Odonata,Protoneuridae,Protoneura,NA,18.279569892473116,327.9569892473118,June,18.279569892473116,327.9569892473118
Semi-Arid,invertebrate,278.05049088359044,65.6908489002996,Ranatra,3.225806451612903,NA,2018-05-12,NA,Hemiptera,Nepidae,Ranatra,NA,3.225806451612903,175.2688172043011,May,3.225806451612903,175.2688172043011
Semi-Arid,invertebrate,278.05049088359044,65.6908489002996,Rhagovelia,21.774193548387096,11.02478314753219,2018-05-12,NA,Hemiptera,Veliidae,Rhagovelia,NA,13.978494623655914,175.2688172043011,May,13.978494623655914,175.2688172043011
Semi-Arid,invertebrate,278.05049088359044,65.6908489002996,Rhagovelia,21.774193548387096,11.02478314753219,2018-06-01,NA,Hemiptera,Veliidae,Rhagovelia,NA,29.569892473118276,327.9569892473118,June,29.569892473118276,327.9569892473118
Semi-Arid,invertebrate,278.05049088359044,65.6908489002996,Scirtidae,6.182795698924731,2.661154552852598,2018-06-01,NA,Coleoptera,Scirtidae,NA,NA,8.064516129032258,327.9569892473118,June,8.064516129032258,327.9569892473118
Semi-Arid,invertebrate,278.05049088359044,65.6908489002996,Scirtidae,6.182795698924731,2.661154552852598,2018-07-01,NA,Coleoptera,Scirtidae,NA,NA,4.301075268817204,309.6774193548387,July,4.301075268817204,309.6774193548387
Semi-Arid,invertebrate,278.05049088359044,65.6908489002996,Smicridea,1.6129032258064515,NA,2018-07-01,NA,Trichoptera,Hydropsychidae,Smicridea,NA,1.6129032258064515,309.6774193548387,July,1.6129032258064515,309.6774193548387
Semi-Arid,invertebrate,278.05049088359044,65.6908489002996,Stenelmis,3.225806451612903,NA,2018-07-01,NA,Coleoptera,Elmidae,Stenelmis,NA,3.225806451612903,309.6774193548387,July,3.225806451612903,309.6774193548387
Sub-Humid,fish,0.26831870808938363,0.13451114651425727,F.grandis,0.06568144499178982,NA,2018-05-04,380.625,Cyprinidontiformes,Fundulidae,Fundulus,grandis,25,152,May,0.06568144499178982,0.3993431855500821
Sub-Humid,fish,0.26831870808938363,0.13451114651425727,G.affinis,0.10142941589405022,0.0917803588656943,2018-05-04,380.625,Cyprinidontiformes,Poeciliidae,Gambusia,affinis,71,152,May,0.1865353037766831,0.3993431855500821
Sub-Humid,fish,0.26831870808938363,0.13451114651425727,G.affinis,0.10142941589405022,0.0917803588656943,2018-06-06,449.0625,Cyprinidontiformes,Poeciliidae,Gambusia,affinis,51,99,June,0.11356993736951983,0.22045929018789143
Sub-Humid,fish,0.26831870808938363,0.13451114651425727,G.affinis,0.10142941589405022,0.0917803588656943,2018-07-05,478.125,Cyprinidontiformes,Poeciliidae,Gambusia,affinis,2,9,July,0.004183006535947713,0.018823529411764704
Sub-Humid,fish,0.26831870808938363,0.13451114651425727,L.auritus,0.015588030619345859,NA,2018-06-06,449.0625,Centrachiformes,Centrarchidae,Lepomis,auritus,7,99,June,0.015588030619345859,0.22045929018789143
Sub-Humid,fish,0.26831870808938363,0.13451114651425727,L.cyanellus,0.0061677482165567975,0.0024239976592810943,2018-05-04,380.625,Centrachiformes,Centrarchidae,Lepomis,cyanellus,3,152,May,0.007881773399014778,0.3993431855500821
Sub-Humid,fish,0.26831870808938363,0.13451114651425727,L.cyanellus,0.0061677482165567975,0.0024239976592810943,2018-06-06,449.0625,Centrachiformes,Centrarchidae,Lepomis,cyanellus,2,99,June,0.004453723034098817,0.22045929018789143
Sub-Humid,fish,0.26831870808938363,0.13451114651425727,L.gulosus,0.015763546798029555,NA,2018-05-04,380.625,Centrachiformes,Centrarchidae,Lepomis,gulosus,6,152,May,0.015763546798029555,0.3993431855500821
Sub-Humid,fish,0.26831870808938363,0.13451114651425727,L.macrochirus,0.01896906874636848,0.009398219076262428,2018-05-04,380.625,Centrachiformes,Centrarchidae,Lepomis,macrochirus,10,152,May,0.026272577996715927,0.3993431855500821
Sub-Humid,fish,0.26831870808938363,0.13451114651425727,L.macrochirus,0.01896906874636848,0.009398219076262428,2018-06-06,449.0625,Centrachiformes,Centrarchidae,Lepomis,macrochirus,10,99,June,0.022268615170494086,0.22045929018789143
Sub-Humid,fish,0.26831870808938363,0.13451114651425727,L.macrochirus,0.01896906874636848,0.009398219076262428,2018-07-05,478.125,Centrachiformes,Centrarchidae,Lepomis,macrochirus,4,9,July,0.008366013071895426,0.018823529411764704
Sub-Humid,fish,0.26831870808938363,0.13451114651425727,L.megalotis,0.031675120843816615,0.034487030306236316,2018-05-04,380.625,Centrachiformes,Centrarchidae,Lepomis,megalotis,27,152,May,0.07093596059113301,0.3993431855500821
Sub-Humid,fish,0.26831870808938363,0.13451114651425727,L.megalotis,0.031675120843816615,0.034487030306236316,2018-06-06,449.0625,Centrachiformes,Centrarchidae,Lepomis,megalotis,8,99,June,0.01781489213639527,0.22045929018789143
Sub-Humid,fish,0.26831870808938363,0.13451114651425727,L.megalotis,0.031675120843816615,0.034487030306236316,2018-07-05,478.125,Centrachiformes,Centrarchidae,Lepomis,megalotis,3,9,July,0.006274509803921568,0.018823529411764704
Sub-Humid,fish,0.26831870808938363,0.13451114651425727,L.microlophus,0.004453723034098817,NA,2018-06-06,449.0625,Centrachiformes,Centrarchidae,Lepomis,microlophus,2,99,June,0.004453723034098817,0.22045929018789143
Sub-Humid,fish,0.26831870808938363,0.13451114651425727,L.miniatus,0.005254515599343186,NA,2018-05-04,380.625,Centrachiformes,Centrarchidae,Lepomis,miniatus,2,152,May,0.005254515599343186,0.3993431855500821
Sub-Humid,fish,0.26831870808938363,0.13451114651425727,L.oculatus,0.010108634916064186,0.007997253077500188,2018-05-04,380.625,Lepisosteiformes,Lepisosteidae,Lepisosteus,oculatus,6,152,May,0.015763546798029555,0.3993431855500821
Sub-Humid,fish,0.26831870808938363,0.13451114651425727,L.oculatus,0.010108634916064186,0.007997253077500188,2018-06-06,449.0625,Lepisosteiformes,Lepisosteidae,Lepisosteus,oculatus,2,99,June,0.004453723034098817,0.22045929018789143
Sub-Humid,fish,0.26831870808938363,0.13451114651425727,M.salmoides,0.006680584551148226,NA,2018-06-06,449.0625,Centrachiformes,Centrarchidae,Micropterus,salmoides,3,99,June,0.006680584551148226,0.22045929018789143
Sub-Humid,fish,0.26831870808938363,0.13451114651425727,N.gyrinus,0.04453723034098817,NA,2018-06-06,449.0625,Siluriformes,Ictaluridae,Noturus,gyrinus,20,99,June,0.04453723034098817,0.22045929018789143
Sub-Humid,fish,0.26831870808938363,0.13451114651425727,N.texanus,0.01839080459770115,NA,2018-05-04,380.625,Cypriniformes,Leuciscidae,Notropis,texanus,7,152,May,0.01839080459770115,0.3993431855500821
Sub-Humid,invertebrate,1257.225806451613,1001.6784609458482,Baetidae,7.795698924731182,1.1404948083653987,2018-06-06,NA,Ephemeroptera,Baetidae,NA,NA,8.602150537634408,2692.47311827957,June,8.602150537634408,2692.47311827957
Sub-Humid,invertebrate,1257.225806451613,1001.6784609458482,Baetidae,7.795698924731182,1.1404948083653987,2018-07-05,NA,Ephemeroptera,Baetidae,NA,NA,6.989247311827957,430.1075268817204,July,6.989247311827957,430.1075268817204
Sub-Humid,invertebrate,1257.225806451613,1001.6784609458482,Belostoma,8.602150537634408,NA,2018-06-06,NA,Hemiptera,Belostomatidae,Belostoma,NA,8.602150537634408,2692.47311827957,June,8.602150537634408,2692.47311827957
Sub-Humid,invertebrate,1257.225806451613,1001.6784609458482,Caenis,46.236559139784944,40.91323667958196,2018-05-04,NA,Ephemeroptera,Caenidae,Caenis,NA,89.78494623655914,716.6666666666666,May,89.78494623655914,716.6666666666666
Sub-Humid,invertebrate,1257.225806451613,1001.6784609458482,Caenis,46.236559139784944,40.91323667958196,2018-06-06,NA,Ephemeroptera,Caenidae,Caenis,NA,8.602150537634408,2692.47311827957,June,8.602150537634408,2692.47311827957
Sub-Humid,invertebrate,1257.225806451613,1001.6784609458482,Caenis,46.236559139784944,40.91323667958196,2018-07-05,NA,Ephemeroptera,Caenidae,Caenis,NA,40.32258064516129,430.1075268817204,July,40.32258064516129,430.1075268817204
Sub-Humid,invertebrate,1257.225806451613,1001.6784609458482,Callibaetis,10.75268817204301,NA,2018-05-04,NA,Ephemeroptera,Baetidae,Callibaetis,NA,10.75268817204301,716.6666666666666,May,10.75268817204301,716.6666666666666
Sub-Humid,invertebrate,1257.225806451613,1001.6784609458482,Ceratopogonidae,5.376344086021505,NA,2018-05-04,NA,Diptera,Ceratopogonidae,NA,NA,5.376344086021505,716.6666666666666,May,5.376344086021505,716.6666666666666
Sub-Humid,invertebrate,1257.225806451613,1001.6784609458482,Chironomidae,19.892473118279568,14.492879296885826,2018-05-04,NA,Diptera,Chironomidae,NA,NA,5.376344086021505,716.6666666666666,May,5.376344086021505,716.6666666666666
Sub-Humid,invertebrate,1257.225806451613,1001.6784609458482,Chironomidae,19.892473118279568,14.492879296885826,2018-05-04,NA,Diptera,Chironomidae,NA,NA,50,716.6666666666666,May,50,716.6666666666666
Sub-Humid,invertebrate,1257.225806451613,1001.6784609458482,Chironomidae,19.892473118279568,14.492879296885826,2018-05-04,NA,Diptera,Chironomidae,NA,NA,17.741935483870968,716.6666666666666,May,17.741935483870968,716.6666666666666
Sub-Humid,invertebrate,1257.225806451613,1001.6784609458482,Chironomidae,19.892473118279568,14.492879296885826,2018-06-06,NA,Diptera,Chironomidae,NA,NA,8.602150537634408,2692.47311827957,June,8.602150537634408,2692.47311827957
Sub-Humid,invertebrate,1257.225806451613,1001.6784609458482,Chironomidae,19.892473118279568,14.492879296885826,2018-06-06,NA,Diptera,Chironomidae,NA,NA,17.204301075268816,2692.47311827957,June,17.204301075268816,2692.47311827957
Sub-Humid,invertebrate,1257.225806451613,1001.6784609458482,Chironomidae,19.892473118279568,14.492879296885826,2018-07-05,NA,Diptera,Chironomidae,NA,NA,18.817204301075268,430.1075268817204,July,18.817204301075268,430.1075268817204
Sub-Humid,invertebrate,1257.225806451613,1001.6784609458482,Chironomidae,19.892473118279568,14.492879296885826,2018-07-05,NA,Diptera,Chironomidae,NA,NA,21.50537634408602,430.1075268817204,July,21.50537634408602,430.1075268817204
Sub-Humid,invertebrate,1257.225806451613,1001.6784609458482,Corbicula,6.451612903225806,NA,2018-05-04,NA,Bivalva,Corbiculidae,Corbicula,NA,6.451612903225806,716.6666666666666,May,6.451612903225806,716.6666666666666
Sub-Humid,invertebrate,1257.225806451613,1001.6784609458482,Curicta,8.602150537634408,NA,2018-06-06,NA,Hemiptera,Nepidae,Curicta,NA,8.602150537634408,2692.47311827957,June,8.602150537634408,2692.47311827957
Sub-Humid,invertebrate,1257.225806451613,1001.6784609458482,Dineutus,17.204301075268816,NA,2018-06-06,NA,Coleoptera,Gyrinidae,Dineutus,NA,17.204301075268816,2692.47311827957,June,17.204301075268816,2692.47311827957
Sub-Humid,invertebrate,1257.225806451613,1001.6784609458482,Dubiraphia,21.146953405017918,11.68453284064734,2018-05-04,NA,Coleoptera,Elmidae,Dubiraphia,NA,12.365591397849462,716.6666666666666,May,12.365591397849462,716.6666666666666
Sub-Humid,invertebrate,1257.225806451613,1001.6784609458482,Dubiraphia,21.146953405017918,11.68453284064734,2018-06-06,NA,Coleoptera,Elmidae,Dubiraphia,NA,34.40860215053763,2692.47311827957,June,34.40860215053763,2692.47311827957
Sub-Humid,invertebrate,1257.225806451613,1001.6784609458482,Dubiraphia,21.146953405017918,11.68453284064734,2018-07-05,NA,Coleoptera,Elmidae,Dubiraphia,NA,16.666666666666664,430.1075268817204,July,16.666666666666664,430.1075268817204
Sub-Humid,invertebrate,1257.225806451613,1001.6784609458482,Enallagma,12.096774193548386,7.223133786314195,2018-06-06,NA,Odonata,Coenagrionidae,Enallagma,NA,17.204301075268816,2692.47311827957,June,17.204301075268816,2692.47311827957
Sub-Humid,invertebrate,1257.225806451613,1001.6784609458482,Enallagma,12.096774193548386,7.223133786314195,2018-07-05,NA,Odonata,Coenagrionidae,Enallagma,NA,6.989247311827957,430.1075268817204,July,6.989247311827957,430.1075268817204
Sub-Humid,invertebrate,1257.225806451613,1001.6784609458482,Eupera,8.602150537634408,NA,2018-06-06,NA,Bivalva,Pisidiidae,Eupera,NA,8.602150537634408,2692.47311827957,June,8.602150537634408,2692.47311827957
Sub-Humid,invertebrate,1257.225806451613,1001.6784609458482,Fallceon,27.419354838709676,NA,2018-07-05,NA,Ephemeroptera,Baetidae,Fallceon,NA,27.419354838709676,430.1075268817204,July,27.419354838709676,430.1075268817204
Sub-Humid,invertebrate,1257.225806451613,1001.6784609458482,Hyalella,1001.9713261648744,1191.6259259841363,2018-05-04,NA,Amphipoda,Hyalellidae,Hyalella,NA,403.76344086021504,716.6666666666666,May,403.76344086021504,716.6666666666666
Sub-Humid,invertebrate,1257.225806451613,1001.6784609458482,Hyalella,1001.9713261648744,1191.6259259841363,2018-06-06,NA,Amphipoda,Hyalellidae,Hyalella,NA,2374.1935483870966,2692.47311827957,June,2374.1935483870966,2692.47311827957
Sub-Humid,invertebrate,1257.225806451613,1001.6784609458482,Hyalella,1001.9713261648744,1191.6259259841363,2018-07-05,NA,Amphipoda,Hyalellidae,Hyalella,NA,227.9569892473118,430.1075268817204,July,227.9569892473118,430.1075268817204
Sub-Humid,invertebrate,1257.225806451613,1001.6784609458482,Hydrochus,12.365591397849462,NA,2018-05-04,NA,Coleoptera,Hydrochidae,Hydrochus,NA,12.365591397849462,716.6666666666666,May,12.365591397849462,716.6666666666666
Sub-Humid,invertebrate,1257.225806451613,1001.6784609458482,Megistocera,17.204301075268816,NA,2018-06-06,NA,Diptera,Tipulidae,Megistocera,NA,17.204301075268816,2692.47311827957,June,17.204301075268816,2692.47311827957
Sub-Humid,invertebrate,1257.225806451613,1001.6784609458482,Microcylloepus,5.376344086021505,NA,2018-05-04,NA,Coleoptera,Elmidae,Microcylloepus,NA,5.376344086021505,716.6666666666666,May,5.376344086021505,716.6666666666666
Sub-Humid,invertebrate,1257.225806451613,1001.6784609458482,Microvelia,5.913978494623656,NA,2018-05-04,NA,Hemiptera,Veliidae,Microvelia,NA,5.913978494623656,716.6666666666666,May,5.913978494623656,716.6666666666666
Sub-Humid,invertebrate,1257.225806451613,1001.6784609458482,Neoporus,5.376344086021505,NA,2018-05-04,NA,Coleoptera,Dytiscidae,Neoporus,NA,5.376344086021505,716.6666666666666,May,5.376344086021505,716.6666666666666
Sub-Humid,invertebrate,1257.225806451613,1001.6784609458482,Ormosia,68.81720430107526,NA,2018-06-06,NA,Diptera,Tipulidae,Ormosia,NA,68.81720430107526,2692.47311827957,June,68.81720430107526,2692.47311827957
Sub-Humid,invertebrate,1257.225806451613,1001.6784609458482,Palaemon,25.268817204301072,NA,2018-07-05,NA,Decapoda,Palaemonidae,Palaemon,NA,25.268817204301072,430.1075268817204,July,25.268817204301072,430.1075268817204
Sub-Humid,invertebrate,1257.225806451613,1001.6784609458482,Paraleptophlebia,6.989247311827957,NA,2018-07-05,NA,Ephemeroptera,Leptophlebiidae,Paraleptophlebia,NA,6.989247311827957,430.1075268817204,July,6.989247311827957,430.1075268817204
Sub-Humid,invertebrate,1257.225806451613,1001.6784609458482,Peltodytes,8.602150537634408,NA,2018-06-06,NA,Coleoptera,Haliplidae,Peltodytes,NA,8.602150537634408,2692.47311827957,June,8.602150537634408,2692.47311827957
Sub-Humid,invertebrate,1257.225806451613,1001.6784609458482,Phyllogomphoides,3.225806451612903,NA,2018-07-05,NA,Odonata,Gomphidae,Phyllogomphoides,NA,3.225806451612903,430.1075268817204,July,3.225806451612903,430.1075268817204
Sub-Humid,invertebrate,1257.225806451613,1001.6784609458482,Probezzia,4.838709677419354,2.2809896167307984,2018-05-04,NA,Diptera,Ceratopogonidae,Probezzia,NA,6.451612903225806,716.6666666666666,May,6.451612903225806,716.6666666666666
Sub-Humid,invertebrate,1257.225806451613,1001.6784609458482,Probezzia,4.838709677419354,2.2809896167307984,2018-07-05,NA,Diptera,Ceratopogonidae,Probezzia,NA,3.225806451612903,430.1075268817204,July,3.225806451612903,430.1075268817204
Sub-Humid,invertebrate,1257.225806451613,1001.6784609458482,Scirtidae,27.956989247311824,28.44893882865151,2018-05-04,NA,Coleoptera,Scirtidae,NA,NA,17.204301075268816,716.6666666666666,May,17.204301075268816,716.6666666666666
Sub-Humid,invertebrate,1257.225806451613,1001.6784609458482,Scirtidae,27.956989247311824,28.44893882865151,2018-06-06,NA,Coleoptera,Scirtidae,NA,NA,60.21505376344086,2692.47311827957,June,60.21505376344086,2692.47311827957
Sub-Humid,invertebrate,1257.225806451613,1001.6784609458482,Scirtidae,27.956989247311824,28.44893882865151,2018-07-05,NA,Coleoptera,Scirtidae,NA,NA,6.451612903225806,430.1075268817204,July,6.451612903225806,430.1075268817204
Sub-Humid,invertebrate,1257.225806451613,1001.6784609458482,Stenacron,3.7634408602150535,NA,2018-07-05,NA,Ephemeroptera,Heptageniidae,Stenacron,NA,3.7634408602150535,430.1075268817204,July,3.7634408602150535,430.1075268817204
Sub-Humid,invertebrate,1257.225806451613,1001.6784609458482,Stenelmis,14.336917562724013,10.290234566276409,2018-05-04,NA,Coleoptera,Elmidae,Stenelmis,NA,5.913978494623656,716.6666666666666,May,5.913978494623656,716.6666666666666
Sub-Humid,invertebrate,1257.225806451613,1001.6784609458482,Stenelmis,14.336917562724013,10.290234566276409,2018-06-06,NA,Coleoptera,Elmidae,Stenelmis,NA,25.806451612903224,2692.47311827957,June,25.806451612903224,2692.47311827957
Sub-Humid,invertebrate,1257.225806451613,1001.6784609458482,Stenelmis,14.336917562724013,10.290234566276409,2018-07-05,NA,Coleoptera,Elmidae,Stenelmis,NA,11.29032258064516,430.1075268817204,July,11.29032258064516,430.1075268817204
Sub-Humid,invertebrate,1257.225806451613,1001.6784609458482,Stenonema,40.32258064516129,NA,2018-05-04,NA,Ephemeroptera,Heptageniidae,Stenonema,NA,40.32258064516129,716.6666666666666,May,40.32258064516129,716.6666666666666
Sub-Humid,invertebrate,1257.225806451613,1001.6784609458482,Telebasis,3.225806451612903,NA,2018-07-05,NA,Odonata,Coenagrionidae,Telebasis,NA,3.225806451612903,430.1075268817204,July,3.225806451612903,430.1075268817204
Sub-Humid,invertebrate,1257.225806451613,1001.6784609458482,Trichocorixa,5.376344086021505,NA,2018-05-04,NA,Hemiptera,Corixidae,Trichocorixa,NA,5.376344086021505,716.6666666666666,May,5.376344086021505,716.6666666666666
Transition,fish,0.5939641258817534,0.37989825556525386,A.melas,0.0163787587971849,NA,2018-06-08,244.21875,Siluriformes,Ictaluridae,Ameiurus,melas,4,141,June,0.0163787587971849,0.5773512476007677
Transition,fish,0.5939641258817534,0.37989825556525386,A.natalis,0.0163787587971849,NA,2018-06-08,244.21875,Siluriformes,Ictaluridae,Ameiurus,natalis,4,141,June,0.0163787587971849,0.5773512476007677
Transition,fish,0.5939641258817534,0.37989825556525386,C.lutrensis,0.1994921975547412,0.18906329247603212,2018-05-12,270,Cypriniformes,Leuciscidae,Cyprinella,lutrensis,103,287,May,0.3814814814814815,1.0629629629629629
Transition,fish,0.5939641258817534,0.37989825556525386,C.lutrensis,0.1994921975547412,0.18906329247603212,2018-06-08,244.21875,Cypriniformes,Leuciscidae,Cyprinella,lutrensis,52,141,June,0.21292386436340371,0.5773512476007677
Transition,fish,0.5939641258817534,0.37989825556525386,C.lutrensis,0.1994921975547412,0.18906329247603212,2018-07-01,245.625,Cypriniformes,Leuciscidae,Cyprinella,lutrensis,1,15,July,0.004071246819338422,0.061068702290076333
Transition,fish,0.5939641258817534,0.37989825556525386,G.affinis,0.05518453942066783,0.03198182434060737,2018-06-08,244.21875,Cyprinidontiformes,Poeciliidae,Gambusia,affinis,19,141,June,0.07779910428662828,0.5773512476007677
Transition,fish,0.5939641258817534,0.37989825556525386,G.affinis,0.05518453942066783,0.03198182434060737,2018-07-01,245.625,Cyprinidontiformes,Poeciliidae,Gambusia,affinis,8,15,July,0.03256997455470738,0.061068702290076333
Transition,fish,0.5939641258817534,0.37989825556525386,H.cyanoguttatum,0.021152342361555415,0.006750866617854078,2018-05-12,270,Cichliformes,Cichlidae,Herichthys,cyanoguttatum,7,287,May,0.025925925925925925,1.0629629629629629
Transition,fish,0.5939641258817534,0.37989825556525386,H.cyanoguttatum,0.021152342361555415,0.006750866617854078,2018-06-08,244.21875,Cichliformes,Cichlidae,Herichthys,cyanoguttatum,4,141,June,0.0163787587971849,0.5773512476007677
Transition,fish,0.5939641258817534,0.37989825556525386,I.punctatus,0.004071246819338422,NA,2018-07-01,245.625,Siluriformes,Ictaluridae,Ictalurus,punctatus,1,15,July,0.004071246819338422,0.061068702290076333
Transition,fish,0.5939641258817534,0.37989825556525386,L.cyanellus,0.018518518518518517,NA,2018-05-12,270,Centrachiformes,Centrarchidae,Lepomis,cyanellus,5,287,May,0.018518518518518517,1.0629629629629629
Transition,fish,0.5939641258817534,0.37989825556525386,L.gulosus,0.0163787587971849,NA,2018-06-08,244.21875,Centrachiformes,Centrarchidae,Lepomis,gulosus,4,141,June,0.0163787587971849,0.5773512476007677
Transition,fish,0.5939641258817534,0.37989825556525386,L.macrochirus,0.1396815241344992,0.0643518945955085,2018-05-12,270,Centrachiformes,Centrarchidae,Lepomis,macrochirus,50,287,May,0.18518518518518517,1.0629629629629629
Transition,fish,0.5939641258817534,0.37989825556525386,L.macrochirus,0.1396815241344992,0.0643518945955085,2018-06-08,244.21875,Centrachiformes,Centrarchidae,Lepomis,macrochirus,23,141,June,0.09417786308381318,0.5773512476007677
Transition,fish,0.5939641258817534,0.37989825556525386,L.megalotis,0.19440085986168337,0.22660614572411208,2018-05-12,270,Centrachiformes,Centrarchidae,Lepomis,megalotis,121,287,May,0.44814814814814813,1.0629629629629629
Transition,fish,0.5939641258817534,0.37989825556525386,L.megalotis,0.19440085986168337,0.22660614572411208,2018-06-08,244.21875,Centrachiformes,Centrarchidae,Lepomis,megalotis,30,141,June,0.12284069097888675,0.5773512476007677
Transition,fish,0.5939641258817534,0.37989825556525386,L.megalotis,0.19440085986168337,0.22660614572411208,2018-07-01,245.625,Centrachiformes,Centrarchidae,Lepomis,megalotis,3,15,July,0.012213740458015267,0.061068702290076333
Transition,fish,0.5939641258817534,0.37989825556525386,L.oculatus,0.0163787587971849,NA,2018-06-08,244.21875,Lepisosteiformes,Lepisosteidae,Lepisosteus,oculatus,4,141,June,0.0163787587971849,0.5773512476007677
Transition,fish,0.5939641258817534,0.37989825556525386,M.salmoides,0.018518518518518517,NA,2018-05-12,270,Centrachiformes,Centrarchidae,Micropterus,salmoides,5,287,May,0.018518518518518517,1.0629629629629629
Transition,fish,0.5939641258817534,0.37989825556525386,N.texanus,0.008142493638676845,NA,2018-07-01,245.625,Cypriniformes,Leuciscidae,Notropis,texanus,2,15,July,0.008142493638676845,0.061068702290076333
Transition,invertebrate,577.2145417306707,136.52383794354103,Agraylea,2.150537634408602,NA,2018-05-12,NA,Trichoptera,Hydroptilidae,Agraylea,NA,2.150537634408602,430.1075268817204,May,2.150537634408602,430.1075268817204
Transition,invertebrate,577.2145417306707,136.52383794354103,Aphididae,10.75268817204301,NA,2018-07-01,NA,Hemiptera,Aphididae,NA,NA,10.75268817204301,768.2795698924731,July,10.75268817204301,768.2795698924731
Transition,invertebrate,577.2145417306707,136.52383794354103,Argia,30.82437275985663,12.74923040274725,2018-05-12,NA,Odonata,Coenagrionidae,Argia,NA,41.39784946236559,430.1075268817204,May,41.39784946236559,430.1075268817204
Transition,invertebrate,577.2145417306707,136.52383794354103,Argia,30.82437275985663,12.74923040274725,2018-06-08,NA,Odonata,Coenagrionidae,Argia,NA,34.40860215053763,576.3440860215054,June,34.40860215053763,576.3440860215054
Transition,invertebrate,577.2145417306707,136.52383794354103,Argia,30.82437275985663,12.74923040274725,2018-07-01,NA,Odonata,Coenagrionidae,Argia,NA,16.666666666666664,768.2795698924731,July,16.666666666666664,768.2795698924731
Transition,invertebrate,577.2145417306707,136.52383794354103,Belostoma,5.376344086021505,NA,2018-07-01,NA,Hemiptera,Belostomatidae,Belostoma,NA,5.376344086021505,768.2795698924731,July,5.376344086021505,768.2795698924731
Transition,invertebrate,577.2145417306707,136.52383794354103,Caenis,80.10752688172042,40.80712453579768,2018-05-12,NA,Ephemeroptera,Caenidae,Caenis,NA,93.01075268817203,430.1075268817204,May,93.01075268817203,430.1075268817204
Transition,invertebrate,577.2145417306707,136.52383794354103,Caenis,80.10752688172042,40.80712453579768,2018-06-08,NA,Ephemeroptera,Caenidae,Caenis,NA,34.40860215053763,576.3440860215054,June,34.40860215053763,576.3440860215054
Transition,invertebrate,577.2145417306707,136.52383794354103,Caenis,80.10752688172042,40.80712453579768,2018-07-01,NA,Ephemeroptera,Caenidae,Caenis,NA,112.9032258064516,768.2795698924731,July,112.9032258064516,768.2795698924731
Transition,invertebrate,577.2145417306707,136.52383794354103,Callibaetis,8.602150537634408,NA,2018-06-08,NA,Ephemeroptera,Baetidae,Callibaetis,NA,8.602150537634408,576.3440860215054,June,8.602150537634408,576.3440860215054
Transition,invertebrate,577.2145417306707,136.52383794354103,Chimarra,4.56989247311828,0.3801649361218,2018-05-12,NA,Trichoptera,Philopotamidae,Chimarra,NA,4.838709677419355,430.1075268817204,May,4.838709677419355,430.1075268817204
Transition,invertebrate,577.2145417306707,136.52383794354103,Chimarra,4.56989247311828,0.3801649361218,2018-06-08,NA,Trichoptera,Philopotamidae,Chimarra,NA,4.301075268817204,576.3440860215054,June,4.301075268817204,576.3440860215054
Transition,invertebrate,577.2145417306707,136.52383794354103,Chironomidae,43.61559139784946,46.49521967173767,2018-05-12,NA,Diptera,Chironomidae,NA,NA,4.838709677419355,430.1075268817204,May,4.838709677419355,430.1075268817204
Transition,invertebrate,577.2145417306707,136.52383794354103,Chironomidae,43.61559139784946,46.49521967173767,2018-05-12,NA,Diptera,Chironomidae,NA,NA,10.75268817204301,430.1075268817204,May,10.75268817204301,430.1075268817204
Transition,invertebrate,577.2145417306707,136.52383794354103,Chironomidae,43.61559139784946,46.49521967173767,2018-05-12,NA,Diptera,Chironomidae,NA,NA,21.50537634408602,430.1075268817204,May,21.50537634408602,430.1075268817204
Transition,invertebrate,577.2145417306707,136.52383794354103,Chironomidae,43.61559139784946,46.49521967173767,2018-06-08,NA,Diptera,Chironomidae,NA,NA,4.301075268817204,576.3440860215054,June,4.301075268817204,576.3440860215054
Transition,invertebrate,577.2145417306707,136.52383794354103,Chironomidae,43.61559139784946,46.49521967173767,2018-06-08,NA,Diptera,Chironomidae,NA,NA,81.72043010752688,576.3440860215054,June,81.72043010752688,576.3440860215054
Transition,invertebrate,577.2145417306707,136.52383794354103,Chironomidae,43.61559139784946,46.49521967173767,2018-06-08,NA,Diptera,Chironomidae,NA,NA,51.61290322580645,576.3440860215054,June,51.61290322580645,576.3440860215054
Transition,invertebrate,577.2145417306707,136.52383794354103,Chironomidae,43.61559139784946,46.49521967173767,2018-07-01,NA,Diptera,Chironomidae,NA,NA,138.17204301075267,768.2795698924731,July,138.17204301075267,768.2795698924731
Transition,invertebrate,577.2145417306707,136.52383794354103,Chironomidae,43.61559139784946,46.49521967173767,2018-07-01,NA,Diptera,Chironomidae,NA,NA,36.02150537634408,768.2795698924731,July,36.02150537634408,768.2795698924731
Transition,invertebrate,577.2145417306707,136.52383794354103,Coenagrionidae,3.225806451612903,NA,2018-05-12,NA,Odonata,Coenagrionidae,NA,NA,3.225806451612903,430.1075268817204,May,3.225806451612903,430.1075268817204
Transition,invertebrate,577.2145417306707,136.52383794354103,Corbicula,23.118279569892472,NA,2018-07-01,NA,Bivalva,Corbiculidae,Corbicula,NA,23.118279569892472,768.2795698924731,July,23.118279569892472,768.2795698924731
Transition,invertebrate,577.2145417306707,136.52383794354103,Dubiraphia,20.788530465949822,16.60875590551636,2018-05-12,NA,Coleoptera,Elmidae,Dubiraphia,NA,17.741935483870968,430.1075268817204,May,17.741935483870968,430.1075268817204
Transition,invertebrate,577.2145417306707,136.52383794354103,Dubiraphia,20.788530465949822,16.60875590551636,2018-06-08,NA,Coleoptera,Elmidae,Dubiraphia,NA,38.70967741935484,576.3440860215054,June,38.70967741935484,576.3440860215054
Transition,invertebrate,577.2145417306707,136.52383794354103,Dubiraphia,20.788530465949822,16.60875590551636,2018-07-01,NA,Coleoptera,Elmidae,Dubiraphia,NA,5.913978494623656,768.2795698924731,July,5.913978494623656,768.2795698924731
Transition,invertebrate,577.2145417306707,136.52383794354103,Enallagma,7.168458781362007,4.070902040000196,2018-05-12,NA,Odonata,Coenagrionidae,Enallagma,NA,5.376344086021505,430.1075268817204,May,5.376344086021505,430.1075268817204
Transition,invertebrate,577.2145417306707,136.52383794354103,Enallagma,7.168458781362007,4.070902040000196,2018-06-08,NA,Odonata,Coenagrionidae,Enallagma,NA,4.301075268817204,576.3440860215054,June,4.301075268817204,576.3440860215054
Transition,invertebrate,577.2145417306707,136.52383794354103,Enallagma,7.168458781362007,4.070902040000196,2018-07-01,NA,Odonata,Coenagrionidae,Enallagma,NA,11.827956989247312,768.2795698924731,July,11.827956989247312,768.2795698924731
Transition,invertebrate,577.2145417306707,136.52383794354103,Erpetogomphus,6.451612903225806,3.041319488974398,2018-05-12,NA,Odonata,Gomphidae,Erpetogomphus,NA,4.301075268817204,430.1075268817204,May,4.301075268817204,430.1075268817204
Transition,invertebrate,577.2145417306707,136.52383794354103,Erpetogomphus,6.451612903225806,3.041319488974398,2018-06-08,NA,Odonata,Gomphidae,Erpetogomphus,NA,8.602150537634408,576.3440860215054,June,8.602150537634408,576.3440860215054
Transition,invertebrate,577.2145417306707,136.52383794354103,Fallceon,10.483870967741936,7.9834636585577945,2018-05-12,NA,Ephemeroptera,Baetidae,Fallceon,NA,4.838709677419355,430.1075268817204,May,4.838709677419355,430.1075268817204
Transition,invertebrate,577.2145417306707,136.52383794354103,Fallceon,10.483870967741936,7.9834636585577945,2018-07-01,NA,Ephemeroptera,Baetidae,Fallceon,NA,16.129032258064516,768.2795698924731,July,16.129032258064516,768.2795698924731
Transition,invertebrate,577.2145417306707,136.52383794354103,Hetaerina,12.903225806451612,NA,2018-06-08,NA,Odonata,Calopterygidae,Hetaerina,NA,12.903225806451612,576.3440860215054,June,12.903225806451612,576.3440860215054
Transition,invertebrate,577.2145417306707,136.52383794354103,Heterelmis,48.924731182795696,3.8016493612179967,2018-06-08,NA,Coleoptera,Elmidae,Heterelmis,NA,51.61290322580645,576.3440860215054,June,51.61290322580645,576.3440860215054
Transition,invertebrate,577.2145417306707,136.52383794354103,Heterelmis,48.924731182795696,3.8016493612179967,2018-07-01,NA,Coleoptera,Elmidae,Heterelmis,NA,46.236559139784944,768.2795698924731,July,46.236559139784944,768.2795698924731
Transition,invertebrate,577.2145417306707,136.52383794354103,Hexacylloepus,11.559139784946236,7.983463658557794,2018-05-12,NA,Coleoptera,Elmidae,Hexacylloepus,NA,5.913978494623656,430.1075268817204,May,5.913978494623656,430.1075268817204
Transition,invertebrate,577.2145417306707,136.52383794354103,Hexacylloepus,11.559139784946236,7.983463658557794,2018-06-08,NA,Coleoptera,Elmidae,Hexacylloepus,NA,17.204301075268816,576.3440860215054,June,17.204301075268816,576.3440860215054
Transition,invertebrate,577.2145417306707,136.52383794354103,Hyalella,58.06451612903225,78.79050142505098,2018-05-12,NA,Amphipoda,Hyalellidae,Hyalella,NA,16.666666666666664,430.1075268817204,May,16.666666666666664,430.1075268817204
Transition,invertebrate,577.2145417306707,136.52383794354103,Hyalella,58.06451612903225,78.79050142505098,2018-06-08,NA,Amphipoda,Hyalellidae,Hyalella,NA,8.602150537634408,576.3440860215054,June,8.602150537634408,576.3440860215054
Transition,invertebrate,577.2145417306707,136.52383794354103,Hyalella,58.06451612903225,78.79050142505098,2018-07-01,NA,Amphipoda,Hyalellidae,Hyalella,NA,148.92473118279568,768.2795698924731,July,148.92473118279568,768.2795698924731
Transition,invertebrate,577.2145417306707,136.52383794354103,Hydrochus,11.29032258064516,2.2809896167307975,2018-05-12,NA,Coleoptera,Hydrochidae,Hydrochus,NA,9.67741935483871,430.1075268817204,May,9.67741935483871,430.1075268817204
Transition,invertebrate,577.2145417306707,136.52383794354103,Hydrochus,11.29032258064516,2.2809896167307975,2018-06-08,NA,Coleoptera,Hydrochidae,Hydrochus,NA,12.903225806451612,576.3440860215054,June,12.903225806451612,576.3440860215054
Transition,invertebrate,577.2145417306707,136.52383794354103,Hydrometra,4.838709677419354,0.7603298722435995,2018-06-08,NA,Hemiptera,Hydrometridae,Hydrometra,NA,4.301075268817204,576.3440860215054,June,4.301075268817204,576.3440860215054
Transition,invertebrate,577.2145417306707,136.52383794354103,Hydrometra,4.838709677419354,0.7603298722435995,2018-07-01,NA,Hemiptera,Hydrometridae,Hydrometra,NA,5.376344086021505,768.2795698924731,July,5.376344086021505,768.2795698924731
Transition,invertebrate,577.2145417306707,136.52383794354103,Hydroptilidae,5.376344086021505,NA,2018-07-01,NA,Trichoptera,Hydroptilidae,NA,NA,5.376344086021505,768.2795698924731,July,5.376344086021505,768.2795698924731
Transition,invertebrate,577.2145417306707,136.52383794354103,Hydrovatus,2.150537634408602,NA,2018-05-12,NA,Coleoptera,Dytiscidae,Hydrovatus,NA,2.150537634408602,430.1075268817204,May,2.150537634408602,430.1075268817204
Transition,invertebrate,577.2145417306707,136.52383794354103,Isonychia,2.6881720430107525,NA,2018-05-12,NA,Ephemeroptera,Isonychiidae,Isonychia,NA,2.6881720430107525,430.1075268817204,May,2.6881720430107525,430.1075268817204
Transition,invertebrate,577.2145417306707,136.52383794354103,Laccobius,2.6881720430107525,NA,2018-05-12,NA,Coleoptera,Hydrophilidae,Laccobius,NA,2.6881720430107525,430.1075268817204,May,2.6881720430107525,430.1075268817204
Transition,invertebrate,577.2145417306707,136.52383794354103,Melanoides,22.8494623655914,22.429731231186185,2018-05-12,NA,Gastropoda,Thiaridae,Melanoides,NA,6.989247311827957,430.1075268817204,May,6.989247311827957,430.1075268817204
Transition,invertebrate,577.2145417306707,136.52383794354103,Melanoides,22.8494623655914,22.429731231186185,2018-06-08,NA,Gastropoda,Thiaridae,Melanoides,NA,38.70967741935484,576.3440860215054,June,38.70967741935484,576.3440860215054
Transition,invertebrate,577.2145417306707,136.52383794354103,Metrobates,4.838709677419355,NA,2018-05-12,NA,Hemiptera,Gerridae,Metrobates,NA,4.838709677419355,430.1075268817204,May,4.838709677419355,430.1075268817204
Transition,invertebrate,577.2145417306707,136.52383794354103,Microcylloepus,6.989247311827956,3.763440860215053,2018-05-12,NA,Coleoptera,Elmidae,Microcylloepus,NA,5.376344086021505,430.1075268817204,May,5.376344086021505,430.1075268817204
Transition,invertebrate,577.2145417306707,136.52383794354103,Microcylloepus,6.989247311827956,3.763440860215053,2018-06-08,NA,Coleoptera,Elmidae,Microcylloepus,NA,4.301075268817204,576.3440860215054,June,4.301075268817204,576.3440860215054
Transition,invertebrate,577.2145417306707,136.52383794354103,Microcylloepus,6.989247311827956,3.763440860215053,2018-07-01,NA,Coleoptera,Elmidae,Microcylloepus,NA,11.29032258064516,768.2795698924731,July,11.29032258064516,768.2795698924731
Transition,invertebrate,577.2145417306707,136.52383794354103,Microvelia,12.903225806451612,NA,2018-06-08,NA,Hemiptera,Veliidae,Microvelia,NA,12.903225806451612,576.3440860215054,June,12.903225806451612,576.3440860215054
Transition,invertebrate,577.2145417306707,136.52383794354103,Nasiaeschna,12.365591397849462,NA,2018-07-01,NA,Odonata,Aeshnidae,Nasiaeschna,NA,12.365591397849462,768.2795698924731,July,12.365591397849462,768.2795698924731
Transition,invertebrate,577.2145417306707,136.52383794354103,Nectopsyche,4.838709677419354,0.7603298722435995,2018-06-08,NA,Trichoptera,Leptoceridae,Nectopsyche,NA,4.301075268817204,576.3440860215054,June,4.301075268817204,576.3440860215054
Transition,invertebrate,577.2145417306707,136.52383794354103,Nectopsyche,4.838709677419354,0.7603298722435995,2018-07-01,NA,Trichoptera,Leptoceridae,Nectopsyche,NA,5.376344086021505,768.2795698924731,July,5.376344086021505,768.2795698924731
Transition,invertebrate,577.2145417306707,136.52383794354103,Neoporus,2.6881720430107525,NA,2018-05-12,NA,Coleoptera,Dytiscidae,Neoporus,NA,2.6881720430107525,430.1075268817204,May,2.6881720430107525,430.1075268817204
Transition,invertebrate,577.2145417306707,136.52383794354103,Odontomyia,8.602150537634408,NA,2018-06-08,NA,Diptera,Stratiomyidae,Odontomyia,NA,8.602150537634408,576.3440860215054,June,8.602150537634408,576.3440860215054
Transition,invertebrate,577.2145417306707,136.52383794354103,Palaemon,10.75268817204301,NA,2018-07-01,NA,Decapoda,Palaemonidae,Palaemon,NA,10.75268817204301,768.2795698924731,July,10.75268817204301,768.2795698924731
Transition,invertebrate,577.2145417306707,136.52383794354103,Paraleptophlebia,48.924731182795696,16.72725718935919,2018-05-12,NA,Ephemeroptera,Leptophlebiidae,Paraleptophlebia,NA,37.096774193548384,430.1075268817204,May,37.096774193548384,430.1075268817204
Transition,invertebrate,577.2145417306707,136.52383794354103,Paraleptophlebia,48.924731182795696,16.72725718935919,2018-07-01,NA,Ephemeroptera,Leptophlebiidae,Paraleptophlebia,NA,60.75268817204301,768.2795698924731,July,60.75268817204301,768.2795698924731
Transition,invertebrate,577.2145417306707,136.52383794354103,Peltodytes,2.150537634408602,NA,2018-05-12,NA,Coleoptera,Haliplidae,Peltodytes,NA,2.150537634408602,430.1075268817204,May,2.150537634408602,430.1075268817204
Transition,invertebrate,577.2145417306707,136.52383794354103,Phyllogomphoides,2.150537634408602,NA,2018-05-12,NA,Odonata,Gomphidae,Phyllogomphoides,NA,2.150537634408602,430.1075268817204,May,2.150537634408602,430.1075268817204
Transition,invertebrate,577.2145417306707,136.52383794354103,Physa,5.376344086021505,NA,2018-07-01,NA,Gastropoda,Physidae,Physa,NA,5.376344086021505,768.2795698924731,July,5.376344086021505,768.2795698924731
Transition,invertebrate,577.2145417306707,136.52383794354103,Probezzia,4.838709677419354,0.7603298722435995,2018-06-08,NA,Diptera,Ceratopogonidae,Probezzia,NA,4.301075268817204,576.3440860215054,June,4.301075268817204,576.3440860215054
Transition,invertebrate,577.2145417306707,136.52383794354103,Probezzia,4.838709677419354,0.7603298722435995,2018-07-01,NA,Diptera,Ceratopogonidae,Probezzia,NA,5.376344086021505,768.2795698924731,July,5.376344086021505,768.2795698924731
Transition,invertebrate,577.2145417306707,136.52383794354103,Procambarus,4.301075268817204,NA,2018-06-08,NA,Decapoda,Cambaridae,Procambarus,NA,4.301075268817204,576.3440860215054,June,4.301075268817204,576.3440860215054
Transition,invertebrate,577.2145417306707,136.52383794354103,Ranatra,4.301075268817204,NA,2018-06-08,NA,Hemiptera,Nepidae,Ranatra,NA,4.301075268817204,576.3440860215054,June,4.301075268817204,576.3440860215054
Transition,invertebrate,577.2145417306707,136.52383794354103,Rhagovelia,20.43010752688172,19.768576678333584,2018-05-12,NA,Hemiptera,Veliidae,Rhagovelia,NA,6.451612903225806,430.1075268817204,May,6.451612903225806,430.1075268817204
Transition,invertebrate,577.2145417306707,136.52383794354103,Rhagovelia,20.43010752688172,19.768576678333584,2018-06-08,NA,Hemiptera,Veliidae,Rhagovelia,NA,34.40860215053763,576.3440860215054,June,34.40860215053763,576.3440860215054
Transition,invertebrate,577.2145417306707,136.52383794354103,Scirtidae,22.043010752688172,NA,2018-05-12,NA,Coleoptera,Scirtidae,NA,NA,22.043010752688172,430.1075268817204,May,22.043010752688172,430.1075268817204
Transition,invertebrate,577.2145417306707,136.52383794354103,Smicridea,13.082437275985662,10.676251619072744,2018-05-12,NA,Trichoptera,Hydropsychidae,Smicridea,NA,25.268817204301072,430.1075268817204,May,25.268817204301072,430.1075268817204
Transition,invertebrate,577.2145417306707,136.52383794354103,Smicridea,13.082437275985662,10.676251619072744,2018-06-08,NA,Trichoptera,Hydropsychidae,Smicridea,NA,8.602150537634408,576.3440860215054,June,8.602150537634408,576.3440860215054
Transition,invertebrate,577.2145417306707,136.52383794354103,Smicridea,13.082437275985662,10.676251619072744,2018-07-01,NA,Trichoptera,Hydropsychidae,Smicridea,NA,5.376344086021505,768.2795698924731,July,5.376344086021505,768.2795698924731
Transition,invertebrate,577.2145417306707,136.52383794354103,Stenacron,4.301075268817204,NA,2018-06-08,NA,Ephemeroptera,Heptageniidae,Stenacron,NA,4.301075268817204,576.3440860215054,June,4.301075268817204,576.3440860215054
Transition,invertebrate,577.2145417306707,136.52383794354103,Stenelmis,52.5089605734767,10.401986997083478,2018-05-12,NA,Coleoptera,Elmidae,Stenelmis,NA,46.236559139784944,430.1075268817204,May,46.236559139784944,430.1075268817204
Transition,invertebrate,577.2145417306707,136.52383794354103,Stenelmis,52.5089605734767,10.401986997083478,2018-06-08,NA,Coleoptera,Elmidae,Stenelmis,NA,64.51612903225806,576.3440860215054,June,64.51612903225806,576.3440860215054
Transition,invertebrate,577.2145417306707,136.52383794354103,Stenelmis,52.5089605734767,10.401986997083478,2018-07-01,NA,Coleoptera,Elmidae,Stenelmis,NA,46.774193548387096,768.2795698924731,July,46.774193548387096,768.2795698924731
Transition,invertebrate,577.2145417306707,136.52383794354103,Trichoptera,2.150537634408602,NA,2018-05-12,NA,Trichoptera,NA,NA,NA,2.150537634408602,430.1075268817204,May,2.150537634408602,430.1075268817204
Transition,invertebrate,577.2145417306707,136.52383794354103,Tricorythodes,13.082437275985663,8.872325300707214,2018-05-12,NA,Ephemeroptera,Leptohyphidae,Tricorythodes,NA,12.903225806451612,430.1075268817204,May,12.903225806451612,430.1075268817204
Transition,invertebrate,577.2145417306707,136.52383794354103,Tricorythodes,13.082437275985663,8.872325300707214,2018-06-08,NA,Ephemeroptera,Leptohyphidae,Tricorythodes,NA,4.301075268817204,576.3440860215054,June,4.301075268817204,576.3440860215054
Transition,invertebrate,577.2145417306707,136.52383794354103,Tricorythodes,13.082437275985663,8.872325300707214,2018-07-01,NA,Ephemeroptera,Leptohyphidae,Tricorythodes,NA,22.043010752688172,768.2795698924731,July,22.043010752688172,768.2795698924731
