site,trophic_category,species,trophic_level_fbase,size_max,guild,carbon,hydrogen,nitrogen,hydrogen_water,W,W_sd,W_compound,hydrogen_raw,kingdom,src_d15N_AQ_mu,src_d15N_TE_mu,percent_AQ_mu,percent_TE_mu,nitrogen_raw,trophic_level_N,trophic_level_N_scaling
Semi-Arid,I-Predator,Aeshnidae,3,NA,Invertebrate,-27.7301904,-90.14998583453556,4.704876201131615,7.36,0.173,0.122,0.4343917913771157,-86.95286225,Animal,11.459444834363635,13.958484455,0.6171585209757012,0.3828414790242988,17.12105706,1.3837871179798868,1.3442503431804613
Semi-Arid,I-Gatherer,Annelidae,2,NA,Invertebrate,-25.37448331,-86.3566824115666,0.5048999445679145,7.36,0.173,0.122,0.31607229912589563,-84.03039029,Animal,11.459444834363635,13.958484455,0.45083813808482853,0.5491618619151715,13.33672203,0.14849998369644546,0.14849998369644546
Semi-Arid,I-Predator,Belostomatidae,3,NA,Invertebrate,-22.14732558,-132.46586718453557,-3.3260334108683836,7.36,0.173,0.122,0.4343917913771157,-129.2687436,Animal,11.459444834363635,13.958484455,0.6171585209757012,0.3828414790242988,9.090147448,0,0
Semi-Arid,I-Predator,Belostomatidae,3,NA,Invertebrate,-22.57875804,-104.82308008453558,-4.451486208868383,7.36,0.173,0.122,0.4343917913771157,-101.6259565,Animal,11.459444834363635,13.958484455,0.6171585209757012,0.3828414790242988,7.96469465,0,0
Semi-Arid,F-Invertivore,C.lutrensis,2.82,80,Fish,-25.38521547,-96.37616057155368,1.5537117570017376,7.36,0.173,0.122,0.4147186143415337,-93.32383157,Animal,11.459444834363635,13.958484455,0.6039305297678386,0.39606947023216144,14.00294989,0.4569740461769817,0.4569740461769817
Semi-Arid,I-Gatherer,Chironomidae,2,NA,Invertebrate,-25.89821227,-92.4472953315666,1.191225174567916,7.36,0.173,0.122,0.31607229912589563,-90.12100321,Animal,11.459444834363635,13.958484455,0.45083813808482853,0.5491618619151715,14.02304726,0.3503603454611518,0.3503603454611518
Semi-Arid,I-Predator,Coenagrionidae,3,NA,Invertebrate,-25.75010859,-100.25694889453555,0.8974291911316161,7.36,0.173,0.122,0.4343917913771157,-97.05982531,Animal,11.459444834363635,13.958484455,0.6171585209757012,0.3828414790242988,13.31361005,0.2639497620975342,0.2639497620975342
Semi-Arid,I-Predator,Coenagrionidae,3,NA,Invertebrate,-26.71385573,-78.32984397453558,1.6259589011316162,7.36,0.173,0.122,0.4343917913771157,-75.13272039,Animal,11.459444834363635,13.958484455,0.6171585209757012,0.3828414790242988,14.04213976,0.4782232062151813,0.4782232062151813
Semi-Arid,I-Filterer,Corbiculidae,2,NA,Invertebrate,-26.14290531,-95.6153618215666,-1.8711396457505023,7.36,0.173,0.122,0.31607229912589563,-93.2890697,Animal,11.459444834363635,13.958484455,0.41323046690493537,0.5867695330950646,11.0546655,0,0
Semi-Arid,I-Filterer,Corbiculidae,2,NA,Invertebrate,-26.39940371,-97.9124799515666,-2.7031708157505028,7.36,0.173,0.122,0.31607229912589563,-95.58618783,Animal,11.459444834363635,13.958484455,0.41323046690493537,0.5867695330950646,10.22263433,0,0
Semi-Arid,I-Filterer,Corbiculidae,2,NA,Invertebrate,-26.16544282,-92.2505690815666,-1.8620958257505036,7.36,0.173,0.122,0.31607229912589563,-89.92427696,Animal,11.459444834363635,13.958484455,0.41323046690493537,0.5867695330950646,11.06370932,0,0
Semi-Arid,I-Filterer,Corbiculidae,2,NA,Invertebrate,-26.63229138,-98.1651144715666,-2.0349332157505033,7.36,0.173,0.122,0.31607229912589563,-95.83882235,Animal,11.459444834363635,13.958484455,0.41323046690493537,0.5867695330950646,10.89087193,0,0
Semi-Arid,I-Predator,Corduliidae,2,NA,Invertebrate,-27.54774384,-94.5555822015666,0.8240737811316166,7.36,0.173,0.122,0.31607229912589563,-92.22929008,Animal,11.459444834363635,13.958484455,0.6171585209757012,0.3828414790242988,13.24025464,0.242374641509299,0.242374641509299
Semi-Arid,I-NA,Filamentous Algae,1,NA,Aquatic,-32.86552454,-138.5450093617492,-4.323766755363636,7.36,0.173,0.122,0.17300157088983747,-137.2717178,Plant,11.459444834363635,13.958484455,1,0,7.135678079,0,0
Semi-Arid,I-NA,Filamentous Algae,1,NA,Aquatic,-21.78350567,-131.0589617617492,0.3147065656363637,7.36,0.173,0.122,0.17300157088983747,-129.7856702,Plant,11.459444834363635,13.958484455,1,0,11.7741514,0.0925607545989305,0.0925607545989305
Semi-Arid,I-NA,Filamentous Algae,1,NA,Aquatic,-19.36769854,-122.8765375617492,3.5614369156363637,7.36,0.173,0.122,0.17300157088983747,-121.603246,Plant,11.459444834363635,13.958484455,1,0,15.02088175,1.0474814457754011,1.0175534044675325
Semi-Arid,I-NA,C3 grass,1,NA,Terrestrial,-28.21313719,-76.3271566117492,1.5839240849999996,7.36,0.173,0.122,0.17300157088983747,-75.05386505,Plant,11.459444834363635,13.958484455,0,1,15.54240854,0.4658600249999999,0.4658600249999999
Semi-Arid,F-Invertivore,H.cyanoguttatus,2.9,180,Fish,-22.79984035,-96.58595852438992,3.678003917001737,7.36,0.173,0.122,0.42354534208196126,-93.46866480666668,Animal,11.459444834363635,13.958484455,0.6039305297678386,0.39606947023216144,16.12724205,1.0817658579416873,1.0508582620004963
Semi-Arid,F-Invertivore,H.cyanoguttatus,2.9,200,Fish,-24.53451365,-86.06026540772322,3.016465437001738,7.36,0.173,0.122,0.42354534208196126,-82.94297169,Animal,11.459444834363635,13.958484455,0.6039305297678386,0.39606947023216144,15.46570357,0.8871957167652171,0.8871957167652171
Semi-Arid,F-Invertivore,H.cyanoguttatus,2.9,80,Fish,-24.68869888,-98.71226414772325,2.9916786770017367,7.36,0.173,0.122,0.42354534208196126,-95.59497043,Animal,11.459444834363635,13.958484455,0.6039305297678386,0.39606947023216144,15.44091681,0.8799054932358049,0.8799054932358049
Semi-Arid,F-Invertivore,H.cyanoguttatus,2.9,80,Fish,-26.11500172,-104.98534601772324,2.379713717001737,7.36,0.173,0.122,0.42354534208196126,-101.8680523,Animal,11.459444834363635,13.958484455,0.6039305297678386,0.39606947023216144,14.82895185,0.6999157991181579,0.6999157991181579
Semi-Arid,F-Piscivore,L.cyanellus,3.5,120,Fish,-25.46248695,-102.81810049222508,4.674811434643271,7.36,0.173,0.122,0.4856384948675363,-99.24380117,Animal,11.459444834363635,13.958484455,0.6992198343771412,0.3007801656228588,16.88591782,1.374944539600962,1.3356604098980773
Semi-Arid,F-Piscivore,L.cyanellus,3.5,80,Fish,-26.49062699,-113.69383642222508,3.610655614643271,7.36,0.173,0.122,0.4856384948675363,-110.1195371,Animal,11.459444834363635,13.958484455,0.6992198343771412,0.3007801656228588,15.821762,1.0619575337186091,1.0316158898980774
Semi-Arid,F-Piscivore,L.cyanellus,3.5,80,Fish,-23.06814412,-79.41207745222508,1.446168714643271,7.36,0.173,0.122,0.4856384948675363,-75.83777813,Animal,11.459444834363635,13.958484455,0.6992198343771412,0.3007801656228588,13.6572751,0.42534373960096206,0.42534373960096206
Semi-Arid,F-Piscivore,L.cyanellus,3.5,80,Fish,-25.11905813,-108.23256232222508,-0.42791116535672913,7.36,0.173,0.122,0.4856384948675363,-104.658263,Animal,11.459444834363635,13.958484455,0.6992198343771412,0.3007801656228588,11.78319522,0,0
Semi-Arid,F-Invertivore,L.gulosus,3.4,80,Fish,-25.28755289,-102.70080624827985,3.3333339970017377,7.36,0.173,0.122,0.475774783733672,-99.19910384,Animal,11.459444834363635,13.958484455,0.6039305297678386,0.39606947023216144,15.78257213,0.9803923520593346,0.9803923520593346
Semi-Arid,F-Invertivore,L.gulosus,3.4,80,Fish,-25.65995852,-103.25490937827982,4.128185037001737,7.36,0.173,0.122,0.475774783733672,-99.75320697,Animal,11.459444834363635,13.958484455,0.6039305297678386,0.39606947023216144,16.57742317,1.2141720697063934,1.1794814391433535
Semi-Arid,F-Invertivore,L.gulosus,3.4,80,Fish,-25.93040872,-116.73223080827982,-0.4972249929982624,7.36,0.173,0.122,0.475774783733672,-113.2305284,Animal,11.459444834363635,13.958484455,0.6039305297678386,0.39606947023216144,11.95201314,0,0
Semi-Arid,F-Invertivore,L.macrochirus,3.2,80,Fish,-23.85910363,-107.19697309481673,3.3102220170017382,7.36,0.173,0.122,0.45547627646966393,-103.8446677,Animal,11.459444834363635,13.958484455,0.6039305297678386,0.39606947023216144,15.75946015,0.9735947108828642,0.9735947108828642
Semi-Arid,F-Invertivore,L.macrochirus,3.2,80,Fish,-26.87269156,-111.89633199481672,2.870089587001738,7.36,0.173,0.122,0.45547627646966393,-108.5440266,Animal,11.459444834363635,13.958484455,0.6039305297678386,0.39606947023216144,15.31932772,0.8441439961769818,0.8441439961769818
Semi-Arid,F-Invertivore,L.macrochirus,3.2,80,Fish,-25.88211404,-100.46363888481672,0.5307555470017373,7.36,0.173,0.122,0.45547627646966393,-97.11133349,Animal,11.459444834363635,13.958484455,0.6039305297678386,0.39606947023216144,12.97999368,0.1561045726475698,0.1561045726475698
Semi-Arid,F-Piscivore,L.oculatus,4,120,Fish,-23.04346017,-110.32088370441092,6.48658946464327,7.36,0.173,0.122,0.5322420114688746,-106.4035825,Animal,11.459444834363635,13.958484455,0.6992198343771412,0.3007801656228588,18.69769585,1.9078204307774325,1.8533112756123629
Semi-Arid,F-Piscivore,L.oculatus,4,400,Fish,-23.28600678,-107.40780190441092,5.462628394643271,7.36,0.173,0.122,0.5322420114688746,-103.4905007,Animal,11.459444834363635,13.958484455,0.6992198343771412,0.3007801656228588,17.67373478,1.6066554101891974,1.5607509698980775
Semi-Arid,I-NA,leaf,1,NA,Terrestrial,-32.82259593,-96.5136021117492,-0.753400215000001,7.36,0.173,0.122,0.17300157088983747,-95.24031055,Plant,11.459444834363635,13.958484455,0,1,13.20508424,0,0
Semi-Arid,I-NA,leaf,1,NA,Terrestrial,-29.26596118,-99.4023321517492,-2.7450497150000004,7.36,0.173,0.122,0.17300157088983747,-98.12904059,Plant,11.459444834363635,13.958484455,0,1,11.21343474,0,0
Semi-Arid,I-NA,leaf,1,NA,Terrestrial,-30.71372831,-90.7962276217492,1.914525845,7.36,0.173,0.122,0.17300157088983747,-89.52293606,Plant,11.459444834363635,13.958484455,0,1,15.8730103,0.5630958367647059,0.5630958367647059
Semi-Arid,I-Predator,Nepidae,3,NA,Invertebrate,-23.40406044,-82.56713647453557,2.221845971131616,7.36,0.173,0.122,0.4343917913771157,-79.37001289,Animal,11.459444834363635,13.958484455,0.6171585209757012,0.3828414790242988,14.63802683,0.6534841091563577,0.6534841091563577
Semi-Arid,I-Predator,Nepidae,3,NA,Invertebrate,-26.5410681,-82.39230488453558,-4.2736244728683825,7.36,0.173,0.122,0.4343917913771157,-79.1951813,Animal,11.459444834363635,13.958484455,0.6171585209757012,0.3828414790242988,8.142556386,0,0
Semi-Arid,I-Predator,Nepidae,3,NA,Invertebrate,-27.84609763,-110.25554048453556,-6.903365520868383,7.36,0.173,0.122,0.4343917913771157,-107.0584169,Animal,11.459444834363635,13.958484455,0.6171585209757012,0.3828414790242988,5.512815338,0,0
Semi-Arid,F-Herbivore,P.latipinna,2,40,Fish,-25.65888531,-136.41592832156658,0.7760546581988965,7.36,0.173,0.122,0.31607229912589563,-134.0896362,Animal,11.459444834363635,13.958484455,0.8038196580042113,0.1961803419957887,12.72576194,0.228251370058499,0.228251370058499
Semi-Arid,F-Herbivore,P.latipinna,2,40,Fish,-25.65888531,-137.89205752156658,0.7760546581988965,7.36,0.173,0.122,0.31607229912589563,-135.5657654,Animal,11.459444834363635,13.958484455,0.8038196580042113,0.1961803419957887,12.72576194,0.228251370058499,0.228251370058499
Semi-Arid,F-Herbivore,P.latipinna,2,40,Fish,-24.32595219,-136.41592832156658,1.5156379181988964,7.36,0.173,0.122,0.31607229912589563,-134.0896362,Animal,11.459444834363635,13.958484455,0.8038196580042113,0.1961803419957887,13.4653452,0.44577585829379307,0.44577585829379307
Semi-Arid,F-Herbivore,P.latipinna,2,40,Fish,-24.32595219,-137.89205752156658,1.5156379181988964,7.36,0.173,0.122,0.31607229912589563,-135.5657654,Animal,11.459444834363635,13.958484455,0.8038196580042113,0.1961803419957887,13.4653452,0.44577585829379307,0.44577585829379307
Semi-Arid,F-Herbivore,P.latipinna,2,40,Fish,-25.36804402,-134.3747358215666,2.2924013281988973,7.36,0.173,0.122,0.31607229912589563,-132.0484437,Animal,11.459444834363635,13.958484455,0.8038196580042113,0.1961803419957887,14.24210861,0.6742356847643816,0.6742356847643816
Semi-Arid,F-Herbivore,P.latipinna,2,40,Fish,-25.36804402,-97.3179171415666,2.2924013281988973,7.36,0.173,0.122,0.31607229912589563,-94.99162502,Animal,11.459444834363635,13.958484455,0.8038196580042113,0.1961803419957887,14.24210861,0.6742356847643816,0.6742356847643816
Semi-Arid,F-Herbivore,P.latipinna,2,40,Fish,-25.00959019,-134.3747358215666,0.0746563881988962,7.36,0.173,0.122,0.31607229912589563,-132.0484437,Animal,11.459444834363635,13.958484455,0.8038196580042113,0.1961803419957887,12.02436367,0.02195776123496947,0.02195776123496947
Semi-Arid,F-Herbivore,P.latipinna,2,40,Fish,-25.00959019,-97.3179171415666,0.0746563881988962,7.36,0.173,0.122,0.31607229912589563,-94.99162502,Animal,11.459444834363635,13.958484455,0.8038196580042113,0.1961803419957887,12.02436367,0.02195776123496947,0.02195776123496947
Semi-Arid,F-Herbivore,P.latipinna,2,80,Fish,-25.42385121,-122.1701696215666,1.7608258481988963,7.36,0.173,0.122,0.31607229912589563,-119.8438775,Animal,11.459444834363635,13.958484455,0.8038196580042113,0.1961803419957887,13.71053313,0.5178899553526166,0.5178899553526166
Semi-Arid,F-Herbivore,P.latipinna,2,80,Fish,-24.3839058,-130.2885669215666,4.217729508198897,7.36,0.173,0.122,0.31607229912589563,-127.9622748,Animal,11.459444834363635,13.958484455,0.8038196580042113,0.1961803419957887,16.16743679,1.2405086788820285,1.2050655737711133
Semi-Arid,F-Herbivore,P.latipinna,2,80,Fish,-27.12811675,-115.9037395215666,0.926784938198896,7.36,0.173,0.122,0.31607229912589563,-113.5774474,Animal,11.459444834363635,13.958484455,0.8038196580042113,0.1961803419957887,12.87649222,0.27258380535261645,0.27258380535261645
Semi-Arid,I-NA,periphyton,1,NA,Aquatic,-24.42468797,-98.4956215617492,0.19010286563636392,7.36,0.173,0.122,0.17300157088983747,-97.22233,Plant,11.459444834363635,13.958484455,1,0,11.6495477,0.05591260754010704,0.05591260754010704
Semi-Arid,I-NA,periphyton,1,NA,Aquatic,-23.77002678,-120.5030467617492,0.8091019056363642,7.36,0.173,0.122,0.17300157088983747,-119.2297552,Plant,11.459444834363635,13.958484455,1,0,12.26854674,0.2379711487165777,0.2379711487165777
Semi-Arid,I-NA,periphyton,1,NA,Aquatic,-25.51507449,-114.4796768617492,0.7518243956363637,7.36,0.173,0.122,0.17300157088983747,-113.2063853,Plant,11.459444834363635,13.958484455,1,0,12.21126923,0.22112482224598934,0.22112482224598934
Semi-Arid,I-NA,periphyton,1,NA,Aquatic,-24.6897721,-100.4346777717492,-1.7513032153636363,7.36,0.173,0.122,0.17300157088983747,-99.16138621,Plant,11.459444834363635,13.958484455,1,0,9.708141619,0,0
Semi-Arid,I-NA,periphyton,1,NA,Aquatic,-22.00244155,-111.64932104889206,0.7900093956363641,7.36,0.173,0.122,0.17300157088983747,-110.37602948714286,Plant,11.459444834363635,13.958484455,1,0,12.24945423,0.23235570459893062,0.23235570459893062
Semi-Arid,I-NA,periphyton,1,NA,Aquatic,-24.60820775,-115.0491304617492,0.17904930563636512,7.36,0.173,0.122,0.17300157088983747,-113.7758389,Plant,11.459444834363635,13.958484455,1,0,11.63849414,0.05266156048128386,0.05266156048128386
Semi-Arid,I-NA,periphyton,1,NA,Aquatic,-23.25381033,-113.6066343617492,-1.0559341643636362,7.36,0.173,0.122,0.17300157088983747,-112.3333428,Plant,11.459444834363635,13.958484455,1,0,10.40351067,0,0
Semi-Arid,I-NA,periphyton,1,NA,Aquatic,-25.68464247,-118.9764595617492,0.5347727856363651,7.36,0.173,0.122,0.17300157088983747,-117.703168,Plant,11.459444834363635,13.958484455,1,0,11.99421762,0.15728611342246032,0.15728611342246032
Semi-Arid,I-Herbivore,Thiaridae,2,NA,Invertebrate,-25.18345103,-97.2238067115666,0.30839171907672913,7.36,0.173,0.122,0.31607229912589563,-94.89751459,Animal,11.459444834363635,13.958484455,0.5422937447192748,0.4577062552807252,12.91166262,0.09070344678727328,0.09070344678727328
Transition,F-Invertivore,A.natalis,3.33,80,Fish,-27.17557699,-110.06058693555804,9.452975929332144,-17.17,0.173,0.122,0.4687578546559083,-118.1091593,Animal,16.539629825555554,9.32636498,0.36163682140066306,0.6383631785993369,21.38792308,2.780287038038866,2.6258266470367064
Transition,F-Invertivore,A.natalis,3.33,80,Fish,-26.00796646,-79.29962967555805,5.611532229332146,-17.17,0.173,0.122,0.4687578546559083,-87.34820204,Animal,16.539629825555554,9.32636498,0.36163682140066306,0.6383631785993369,17.54647938,1.6504506556859253,1.6032949226663273
Transition,F-Invertivore,A.natalis,3.33,80,Fish,-26.38364151,-92.42318613555804,8.154902879332145,-17.17,0.173,0.122,0.4687578546559083,-100.47175850000001,Animal,16.539629825555554,9.32636498,0.36163682140066306,0.6383631785993369,20.08985003,2.3985008468623956,2.2652507998144844
Transition,I-Predator,Aeshnidae,3,NA,Invertebrate,-31.32331447,-87.79598921205493,0.7166330678162183,-17.17,0.173,0.122,0.4343917913771157,-95.25449627,Animal,16.539629825555554,9.32636498,0.2172885379564997,0.7827114620435003,11.61035782,0.21077443171065244,0.21077443171065244
Transition,F-Invertivore,C.lutrensis,2.82,40,Fish,-26.06416162,-105.45362569175587,6.980649149332145,-17.17,0.173,0.122,0.4147186143415337,-112.5743443,Animal,16.539629825555554,9.32636498,0.36163682140066306,0.6383631785993369,18.9155963,2.053132102744749,1.99447118552347
Transition,F-Invertivore,C.lutrensis,2.82,40,Fish,-26.16094217,-116.58431849175588,4.859482089332144,-17.17,0.173,0.122,0.4147186143415337,-123.7050371,Animal,16.539629825555554,9.32636498,0.36163682140066306,0.6383631785993369,16.79442924,1.429259438038866,1.3884234540948983
Transition,I-Predator,Coenagrionidae,3,NA,Invertebrate,-27.74481313,-87.90914680205492,6.797887107816216,-17.17,0.173,0.122,0.4343917913771157,-95.36765386,Animal,16.539629825555554,9.32636498,0.2172885379564997,0.7827114620435003,17.69161186,1.9993785611224164,1.9422534593760616
Transition,I-Predator,Coenagrionidae,3,NA,Invertebrate,-27.41700804,-89.50914204705492,8.941382247816216,-17.17,0.173,0.122,0.4343917913771157,-96.967649105,Animal,16.539629825555554,9.32636498,0.2172885379564997,0.7827114620435003,19.835107,2.6298183081812403,2.48371729106006
Transition,I-Predator,Coenagrionidae,3,NA,Invertebrate,-28.4774315,-91.10913729205492,6.590844967816217,-17.17,0.173,0.122,0.4343917913771157,-98.56764435,Animal,16.539629825555554,9.32636498,0.2172885379564997,0.7827114620435003,17.48456972,1.9384838140635934,1.8830985622332048
Transition,I-Filterer,Corbiculidae,2,NA,Invertebrate,-27.62097565,-86.65542655400837,3.020487525912439,-17.17,0.173,0.122,0.31607229912589563,-92.08238793,Animal,16.539629825555554,9.32636498,0.305915566852808,0.694084433147192,14.55350251,0.8883786840918939,0.8883786840918939
Transition,I-Filterer,Corbiculidae,2,NA,Invertebrate,-25.85707206,-79.61357419400838,-0.213023614087561,-17.17,0.173,0.122,0.31607229912589563,-85.04053557,Animal,16.539629825555554,9.32636498,0.305915566852808,0.694084433147192,11.31999137,0,0
Transition,I-Filterer,Corbiculidae,2,NA,Invertebrate,-25.3165297,-83.44303776400838,0.08337204591243896,-17.17,0.173,0.122,0.31607229912589563,-88.86999914,Animal,16.539629825555554,9.32636498,0.305915566852808,0.694084433147192,11.61638703,0.024521189974246755,0.024521189974246755
Transition,I-Filterer,Corbiculidae,2,NA,Invertebrate,-26.10319635,-90.72779840400838,-0.6943962240875621,-17.17,0.173,0.122,0.31607229912589563,-96.15475978,Animal,16.539629825555554,9.32636498,0.305915566852808,0.694084433147192,10.83861876,0,0
Transition,I-Predator,Corduliidae,2,NA,Invertebrate,-27.91756121,-74.93468201400837,5.776885167816218,-17.17,0.173,0.122,0.31607229912589563,-80.36164339,Animal,16.539629825555554,9.32636498,0.2172885379564997,0.7827114620435003,16.67060992,1.699083872887123,1.6505386193760623
Transition,I-Predator,Corydalidae,3,NA,Invertebrate,-27.63467426,-67.06932756205492,3.1232932978162182,-17.17,0.173,0.122,0.4343917913771157,-74.52783462,Animal,16.539629825555554,9.32636498,0.2172885379564997,0.7827114620435003,14.01701805,0.9186156758282995,0.9186156758282995
Transition,I-Gatherer,Dogielinotidae,2,NA,Invertebrate,-25.98084983,-94.54183329400836,4.111593693057246,-17.17,0.173,0.122,0.31607229912589563,-99.96879467,Animal,16.539629825555554,9.32636498,0.2714081763057697,0.7285918236942304,15.39569773,1.209292262663896,1.1747410551592132
Transition,I-Gatherer,Elmidae,2,NA,Invertebrate,-28.2066979,-75.31905803400838,1.7501525530572462,-17.17,0.173,0.122,0.31607229912589563,-80.74601941,Animal,16.539629825555554,9.32636498,0.2714081763057697,0.7285918236942304,13.03425659,0.5147507508991901,0.5147507508991901
Transition,I-Gatherer,Elmidae,2,NA,Invertebrate,-28.55131772,-93.04078351400838,3.847898573057247,-17.17,0.173,0.122,0.31607229912589563,-98.46774489,Animal,16.539629825555554,9.32636498,0.2714081763057697,0.7285918236942304,15.13200261,1.131734874428602,1.0993995923020705
Transition,I-NA,Filamentous Algae,1,NA,Aquatic,-29.54722081,-137.6600037278215,-0.7753367455555544,-17.17,0.173,0.122,0.17300157088983747,-140.6304407,Plant,16.539629825555554,9.32636498,1,0,15.76429308,0,0
Transition,I-NA,Filamentous Algae,1,NA,Aquatic,-20.87235335,-198.1916590278215,2.6459331944444457,-17.17,0.173,0.122,0.17300157088983747,-201.162096,Plant,16.539629825555554,9.32636498,1,0,19.18556302,0.778215645424837,0.778215645424837
Transition,I-NA,Filamentous Algae,1,NA,Aquatic,-25.20978708,-184.8345005278215,0.9352982244444448,-17.17,0.173,0.122,0.17300157088983747,-187.8049375,Plant,16.539629825555554,9.32636498,1,0,17.47492805,0.2750877130718955,0.2750877130718955
Transition,I-Predator,Gomphidae,3,NA,Invertebrate,-27.60784389,-85.26557787205493,5.320940857816218,-17.17,0.173,0.122,0.4343917913771157,-92.72408493,Animal,16.539629825555554,9.32636498,0.2172885379564997,0.7827114620435003,16.21466561,1.5649826052400642,1.5202688165189195
Transition,I-NA,C3 grass,1,NA,Terrestrial,-31.8304093,-93.0579191378215,3.5555766899999988,-17.17,0.173,0.122,0.17300157088983747,-96.02835611,Plant,16.539629825555554,9.32636498,0,1,12.88194167,1.0457578499999998,1.015879054285714
Transition,I-NA,C3 grass,1,NA,Terrestrial,-31.38084803,-85.1489614578215,4.66893567,-17.17,0.173,0.122,0.17300157088983747,-88.11939843,Plant,16.539629825555554,9.32636498,0,1,13.99530065,1.3732163735294118,1.3339816199999999
Transition,I-NA,C3 grass,1,NA,Terrestrial,-30.64614836,-97.4167279278215,-0.7425776250000009,-17.17,0.173,0.122,0.17300157088983747,-100.3871649,Plant,16.539629825555554,9.32636498,0,1,8.583787355,0,0
Transition,I-Predator,Gyrinidae,3,NA,Invertebrate,-29.53426494,-90.21837133205491,1.7817937578162173,-17.17,0.173,0.122,0.4343917913771157,-97.67687839,Animal,16.539629825555554,9.32636498,0.2172885379564997,0.7827114620435003,12.67551851,0.5240569875930051,0.5240569875930051
Transition,F-Invertivore,H.cyanoguttatus,2.9,120,Fish,-26.01004777,-81.11825500645273,3.186906339332144,-17.17,0.173,0.122,0.42354534208196126,-88.39052853,Animal,16.539629825555554,9.32636498,0.36163682140066306,0.6383631785993369,15.12185349,0.9373253939212189,0.9373253939212189
Transition,F-Invertivore,H.cyanoguttatus,2.9,160,Fish,-26.55415962142857,-93.01920357645272,6.276154912189289,-17.17,0.173,0.122,0.42354534208196126,-100.2914771,Animal,16.539629825555554,9.32636498,0.36163682140066306,0.6383631785993369,18.211102062857144,1.8459279153497907,1.7931871177683683
Transition,F-Invertivore,H.cyanoguttatus,2.9,40,Fish,-26.73434092,-83.77287385645273,6.9197544093321435,-17.17,0.173,0.122,0.42354534208196126,-91.04514738,Animal,16.539629825555554,9.32636498,0.36163682140066306,0.6383631785993369,18.85470156,2.0352218850976893,1.9770726883806125
Transition,F-Invertivore,H.cyanoguttatus,2.9,40,Fish,-27.30253642,-101.67436617645274,7.730669469332146,-17.17,0.173,0.122,0.42354534208196126,-108.9466397,Animal,16.539629825555554,9.32636498,0.36163682140066306,0.6383631785993369,19.66561662,2.273726314509455,2.1474081859255962
Transition,F-Invertivore,H.cyanoguttatus,2.9,80,Fish,-26.07873074,-104.40108107645273,8.004695839332143,-17.17,0.173,0.122,0.42354534208196126,-111.6733546,Animal,16.539629825555554,9.32636498,0.36163682140066306,0.6383631785993369,19.93964299,2.3543223056859244,2.2235266220367063
Transition,F-Invertivore,H.cyanoguttatus,2.9,80,Fish,-28.02370762,-92.59798868645274,6.962380729332144,-17.17,0.173,0.122,0.42354534208196126,-99.87026221,Animal,16.539629825555554,9.32636498,0.36163682140066306,0.6383631785993369,18.89732788,2.047759038038866,1.989251636952041
Transition,F-Invertivore,H.cyanoguttatus,2.9,80,Fish,-26.68022707,-105.36777727645271,7.280048329332144,-17.17,0.173,0.122,0.42354534208196126,-112.6400508,Animal,16.539629825555554,9.32636498,0.36163682140066306,0.6383631785993369,19.21499548,2.141190685097689,2.0222356470367067
Transition,F-Invertivore,H.cyanoguttatus,2.9,NA,Fish,-25.04952681,-94.564506522167,3.848629269332144,-17.17,0.173,0.122,0.42354534208196126,-101.83678004571428,Animal,16.539629825555554,9.32636498,0.36163682140066306,0.6383631785993369,15.78357642,1.1319497850976894,1.0996083626663269
Transition,I-Filterer,Hydropsychidae,2,NA,Invertebrate,-29.42694344,-116.01879752400838,4.420384795912439,-17.17,0.173,0.122,0.31607229912589563,-121.4457589,Animal,16.539629825555554,9.32636498,0.305915566852808,0.694084433147192,15.95339978,1.3001131752683646,1.2629670845464112
Transition,F-Piscivore,I.punctatus,4.2,80,Fish,-27.60640654,-102.25902131940413,8.045288333693009,-17.17,0.173,0.122,0.549678880640412,-111.6970077,Animal,16.539629825555554,9.32636498,0.33546701918174465,0.6645329808182554,19.79146577,2.366261274615591,2.2348023149147247
Transition,F-Piscivore,I.punctatus,4.2,80,Fish,-27.330634,-103.51013961940411,8.339612943693009,-17.17,0.173,0.122,0.549678880640412,-112.948126,Animal,16.539629825555554,9.32636498,0.33546701918174465,0.6645329808182554,20.08579038,2.4528273363802966,2.3165591510258357
Transition,F-Piscivore,I.punctatus,4.2,80,Fish,-28.39522006,-98.22026761940413,7.505354893693009,-17.17,0.173,0.122,0.549678880640412,-107.658254,Animal,16.539629825555554,9.32636498,0.33546701918174465,0.6645329808182554,19.25153233,2.2074573216744144,2.0848208038036136
Transition,F-Piscivore,L.cyanellus,3.5,12,Fish,-24.81850227,-87.09756551979106,2.9149057936930083,-17.17,0.173,0.122,0.4856384948675363,-95.43597847666666,Animal,16.539629825555554,9.32636498,0.33546701918174465,0.6645329808182554,14.66108323,0.8573252334391201,0.8573252334391201
Transition,F-Piscivore,L.cyanellus,3.5,12,Fish,-24.36269709,-87.09756551979106,4.2221130536930085,-17.17,0.173,0.122,0.4856384948675363,-95.43597847666666,Animal,16.539629825555554,9.32636498,0.33546701918174465,0.6645329808182554,15.96829049,1.241797956968532,1.2063180153408595
Transition,F-Piscivore,L.cyanellus,3.5,120,Fish,-25.360334603333335,-80.6706704131244,3.1644051086930096,-17.17,0.173,0.122,0.4856384948675363,-89.00908337,Animal,16.539629825555554,9.32636498,0.33546701918174465,0.6645329808182554,14.910582545,0.9307073849097087,0.9307073849097087
Transition,F-Piscivore,L.cyanellus,3.5,120,Fish,-25.360334603333335,-73.83173362312439,3.1644051086930096,-17.17,0.173,0.122,0.4856384948675363,-82.17014658,Animal,16.539629825555554,9.32636498,0.33546701918174465,0.6645329808182554,14.910582545,0.9307073849097087,0.9307073849097087
Transition,F-Piscivore,L.cyanellus,3.5,120,Fish,-25.360334603333335,-78.6249413531244,3.1644051086930096,-17.17,0.173,0.122,0.4856384948675363,-86.96335431,Animal,16.539629825555554,9.32636498,0.33546701918174465,0.6645329808182554,14.910582545,0.9307073849097087,0.9307073849097087
Transition,F-Piscivore,L.cyanellus,3.5,80,Fish,-25.93720219,-97.9550511431244,4.590526283693008,-17.17,0.173,0.122,0.4856384948675363,-106.2934641,Animal,16.539629825555554,9.32636498,0.33546701918174465,0.6645329808182554,16.33670372,1.3501547893214731,1.3115789381980023
Transition,F-Piscivore,L.cyanellus,3.5,80,Fish,-25.1796082,-98.9966184431244,5.076669353693009,-17.17,0.173,0.122,0.4856384948675363,-107.3350314,Animal,16.539629825555554,9.32636498,0.33546701918174465,0.6645329808182554,16.82284679,1.4931380452038263,1.4504769581980026
Transition,F-Piscivore,L.cyanellus,3.5,80,Fish,-27.59391872,-92.5063781431244,3.71262699369301,-17.17,0.173,0.122,0.4856384948675363,-100.8447911,Animal,16.539629825555554,9.32636498,0.33546701918174465,0.6645329808182554,15.45880443,1.0919491157920618,1.0607505696265742
Transition,F-Invertivore,L.gulosus,3.4,120,Fish,-26.233267425,-84.03851103329285,6.217942434332145,-17.17,0.173,0.122,0.475774783733672,-92.20756407,Animal,16.539629825555554,9.32636498,0.36163682140066306,0.6383631785993369,18.152889585,1.828806598332984,1.7765549812377557
Transition,F-Invertivore,L.gulosus,3.4,160,Fish,-25.77798257,-94.78365364829284,5.872364739332146,-17.17,0.173,0.122,0.475774783733672,-102.952706685,Animal,16.539629825555554,9.32636498,0.36163682140066306,0.6383631785993369,17.80731189,1.7271660998035723,1.6778184969520418
Transition,F-Invertivore,L.gulosus,3.4,80,Fish,-26.68855228,-105.52879626329285,6.563520129332145,-17.17,0.173,0.122,0.475774783733672,-113.6978493,Animal,16.539629825555554,9.32636498,0.36163682140066306,0.6383631785993369,18.49846728,1.9304470968623955,1.8752914655234698
Transition,F-Invertivore,L.macrochirus,3.2,12,Fish,-25.1286163,-93.21627078301589,4.432203939332145,-17.17,0.173,0.122,0.45547627646966393,-101.03679845,Animal,16.539629825555554,9.32636498,0.36163682140066306,0.6383631785993369,16.36715109,1.303589393921219,1.2663439826663272
Transition,F-Invertivore,L.macrochirus,3.2,12,Fish,-25.9923567,-93.21627078301589,4.948794389332144,-17.17,0.173,0.122,0.45547627646966393,-101.03679845,Animal,16.539629825555554,9.32636498,0.36163682140066306,0.6383631785993369,16.88374154,1.4555277615682776,1.4139412540948981
Transition,F-Invertivore,L.macrochirus,3.2,120,Fish,-24.50006304,-88.05502056301587,4.782348739332144,-17.17,0.173,0.122,0.45547627646966393,-95.87554823,Animal,16.539629825555554,9.32636498,0.36163682140066306,0.6383631785993369,16.71729589,1.406573158627101,1.3663853540948983
Transition,F-Invertivore,L.macrochirus,3.2,120,Fish,-25.156713875714285,-88.48045675301587,4.539639675046431,-17.17,0.173,0.122,0.45547627646966393,-96.30098442,Animal,16.539629825555554,9.32636498,0.36163682140066306,0.6383631785993369,16.474586825714287,1.3351881397195386,1.2970399071561232
Transition,F-Invertivore,L.macrochirus,3.2,120,Fish,-25.156713875714285,-105.18899343301588,4.539639675046431,-17.17,0.173,0.122,0.45547627646966393,-113.0095211,Animal,16.539629825555554,9.32636498,0.36163682140066306,0.6383631785993369,16.474586825714287,1.3351881397195386,1.2970399071561232
Transition,F-Invertivore,L.macrochirus,3.2,160,Fish,-25.10364067,-91.04480952301589,3.622303789332144,-17.17,0.173,0.122,0.45547627646966393,-98.86533719,Animal,16.539629825555554,9.32636498,0.36163682140066306,0.6383631785993369,15.55725094,1.0653834674506306,1.034943939809184
Transition,F-Invertivore,L.macrochirus,3.2,80,Fish,-24.73212823,-84.12407674301586,4.477874999332145,-17.17,0.173,0.122,0.45547627646966393,-91.94460441,Animal,16.539629825555554,9.32636498,0.36163682140066306,0.6383631785993369,16.41282215,1.3170220586271015,1.2793928569520414
Transition,F-Invertivore,L.macrochirus,3.2,80,Fish,-26.49395052,-91.46882463301588,7.146079889332143,-17.17,0.173,0.122,0.45547627646966393,-99.2893523,Animal,16.539629825555554,9.32636498,0.36163682140066306,0.6383631785993369,19.08102704,2.101788202744748,1.9850221914811508
Transition,F-Invertivore,L.macrochirus,3.2,80,Fish,-24.14624167,-104.15171383301586,2.3678719793321443,-17.17,0.173,0.122,0.45547627646966393,-111.9722415,Animal,16.539629825555554,9.32636498,0.36163682140066306,0.6383631785993369,14.30281913,0.6964329350976896,0.6964329350976896
Transition,I-NA,leaf,1,NA,Terrestrial,-32.20816565,-83.24548094782149,-0.38228369800000017,-17.17,0.173,0.122,0.17300157088983747,-86.21591792,Plant,16.539629825555554,9.32636498,0,1,8.944081282,0,0
Transition,I-NA,leaf,1,NA,Terrestrial,-31.86162883,-59.10571208782149,-5.673022407000001,-17.17,0.173,0.122,0.17300157088983747,-62.07614906,Plant,16.539629825555554,9.32636498,0,1,3.653342573,0,0
Transition,I-NA,leaf,1,NA,Terrestrial,-30.67528659,-97.7569200278215,-1.4266286300000006,-17.17,0.173,0.122,0.17300157088983747,-100.727357,Plant,16.539629825555554,9.32636498,0,1,7.89973635,0,0
Transition,I-Gatherer,Leptophlebiidae,2,NA,Invertebrate,-30.0134325,-106.00880952400836,4.018403873057245,-17.17,0.173,0.122,0.31607229912589563,-111.4357709,Animal,16.539629825555554,9.32636498,0.2714081763057697,0.7285918236942304,15.30250791,1.1818834920756605,1.1481153923020702
Transition,F-Piscivore,M.salmoides,3.8,120,Fish,-26.87899143,-100.72330331745664,10.69319496369301,-17.17,0.173,0.122,0.5141299698627473,-109.5509149,Animal,16.539629825555554,9.32636498,0.33546701918174465,0.6645329808182554,22.4393724,3.14505734226265,2.9703319343591694
Transition,F-Piscivore,M.salmoides,3.8,120,Fish,-26.36907239,-94.48037651745663,10.51051072369301,-17.17,0.173,0.122,0.5141299698627473,-103.3079881,Animal,16.539629825555554,9.32636498,0.33546701918174465,0.6645329808182554,22.25668816,3.0913266834391204,2.919586312136947
Transition,F-Piscivore,M.salmoides,3.8,120,Fish,-26.30975528,-94.40253221745662,9.907652713693013,-17.17,0.173,0.122,0.5141299698627473,-103.2301438,Animal,16.539629825555554,9.32636498,0.33546701918174465,0.6645329808182554,21.65383015,2.9140155040273568,2.7521257538036146
Transition,I-Predator,Nepidae,3,NA,Invertebrate,-26.57111812,-77.10180328205493,4.201517267816218,-17.17,0.173,0.122,0.4343917913771157,-84.56031034,Animal,16.539629825555554,9.32636498,0.2172885379564997,0.7827114620435003,15.09524202,1.235740372887123,1.200433505090348
Transition,I-Predator,Nepidae,3,NA,Invertebrate,-26.19656606,-83.19300149205492,3.196648697816217,-17.17,0.173,0.122,0.4343917913771157,-90.65150855,Animal,16.539629825555554,9.32636498,0.2172885379564997,0.7827114620435003,14.09037345,0.9401907934753579,0.9401907934753579
Transition,F-Herbivore,P.latipinna,2,40,Fish,-26.37011304,-105.14357772400838,7.387208001337095,-17.17,0.173,0.122,0.31607229912589563,-110.5705391,Animal,16.539629825555554,9.32636498,0.3895539604918643,0.6104460395081357,19.52352887,2.172708235687381,2.0520022225936376
Transition,F-Herbivore,P.latipinna,2,40,Fish,-24.36165644,-86.90671172400837,4.109040721337097,-17.17,0.173,0.122,0.31607229912589563,-92.3336731,Animal,16.539629825555554,9.32636498,0.3895539604918643,0.6104460395081357,16.24536159,1.2085413886285579,1.174011634667742
Transition,F-Herbivore,P.latipinna,2,40,Fish,-24.0328107,-89.45658448400837,4.368858321337095,-17.17,0.173,0.122,0.31607229912589563,-94.88354586,Animal,16.539629825555554,9.32636498,0.3895539604918643,0.6104460395081357,16.50517919,1.284958329805028,1.2482452346677415
Transition,F-Piscivore,P.olivaris,3.8,120,Fish,-26.38260086,-94.87335081745664,8.878531463693012,-17.17,0.173,0.122,0.5141299698627473,-103.7009624,Animal,16.539629825555554,9.32636498,0.33546701918174465,0.6645329808182554,20.6247089,2.611332783439121,2.4662587399147253
Transition,F-Piscivore,P.olivaris,3.8,160,Fish,-26.38260086,-94.87335081745664,8.878531463693012,-17.17,0.173,0.122,0.5141299698627473,-103.7009624,Animal,16.539629825555554,9.32636498,0.33546701918174465,0.6645329808182554,20.6247089,2.611332783439121,2.4662587399147253
Transition,I-Gatherer,Palaemonidae,2,NA,Invertebrate,-25.66961746,-87.04743588400838,6.8589043630572455,-17.17,0.173,0.122,0.31607229912589563,-92.47439726,Animal,16.539629825555554,9.32636498,0.2714081763057697,0.7285918236942304,18.1430084,2.0173248126638956,1.9596869608734988
Transition,I-Gatherer,Palaemonidae,2,NA,Invertebrate,-26.49062699,-99.27453992400838,7.543219863057246,-17.17,0.173,0.122,0.31607229912589563,-104.7015013,Animal,16.539629825555554,9.32636498,0.2714081763057697,0.7285918236942304,18.8273239,2.218594077369778,2.095338850849235
Transition,I-NA,periphyton,1,NA,Aquatic,-11.79371325,-123.2720315278215,-0.20495593555555305,-17.17,0.173,0.122,0.17300157088983747,-126.2424685,Plant,16.539629825555554,9.32636498,1,0,16.33467389,0,0
Transition,I-NA,periphyton,1,NA,Aquatic,-18.05531085,-136.9910124278215,-0.16029978555555502,-17.17,0.173,0.122,0.17300157088983747,-139.9614494,Plant,16.539629825555554,9.32636498,1,0,16.37933004,0,0
Transition,I-NA,periphyton,1,NA,Aquatic,-24.69362414,-127.3388837278215,-1.109242945555554,-17.17,0.173,0.122,0.17300157088983747,-130.3093207,Plant,16.539629825555554,9.32636498,1,0,15.43038688,0,0
Transition,I-NA,periphyton,1,NA,Aquatic,-15.87202487,-138.8622442278215,-1.373120185555555,-17.17,0.173,0.122,0.17300157088983747,-141.8326812,Plant,16.539629825555554,9.32636498,1,0,15.16650964,0,0
Transition,I-NA,periphyton,1,NA,Aquatic,-18.37791269,-119.2819540278215,0.1979643144444445,-17.17,0.173,0.122,0.17300157088983747,-122.252391,Plant,16.539629825555554,9.32636498,1,0,16.73759414,0.058224798366013096,0.058224798366013096
Transition,I-NA,periphyton,1,NA,Aquatic,-18.32483948,-129.1492251878215,-0.15624013555555294,-17.17,0.173,0.122,0.17300157088983747,-132.11966216,Plant,16.539629825555554,9.32636498,1,0,16.38338969,0,0
Transition,I-Herbivore,Thiaridae,2,NA,Invertebrate,-25.47429232,-128.18363872400838,4.148112315288191,-17.17,0.173,0.122,0.31607229912589563,-133.6106001,Animal,16.539629825555554,9.32636498,0.5999891515668426,0.4000108484331574,17.80235795,1.2200330339082917,1.1851749472251976
Transition,I-Predator,Veliidae,2,NA,Invertebrate,-28.57159102,-95.40582942400836,4.9350713278162175,-17.17,0.173,0.122,0.31607229912589563,-100.8327908,Animal,16.539629825555554,9.32636498,0.2172885379564997,0.7827114620435003,15.82879608,1.45149156700477,1.4100203793760622
Sub-Humid,F-Invertivore,A.natalis,3.33,120,Fish,-27.64076789,-86.92191941746938,7.723400720324495,-6.45,0.173,0.122,0.4687578546559083,-89.94540758,Animal,5.548216580083333,2.7229109916666667,0.05021026348103379,0.9497897365189664,10.58817105,2.2715884471542633,2.145389088979026
Sub-Humid,F-Invertivore,A.natalis,3.33,120,Fish,-27.64076789,-83.17917676746939,7.723400720324495,-6.45,0.173,0.122,0.4687578546559083,-86.20266493,Animal,5.548216580083333,2.7229109916666667,0.05021026348103379,0.9497897365189664,10.58817105,2.2715884471542633,2.145389088979026
Sub-Humid,F-Invertivore,A.natalis,3.33,120,Fish,-28.67112522,-78.36848808746939,6.2047143793244945,-6.45,0.173,0.122,0.4687578546559083,-81.39197625,Animal,5.548216580083333,2.7229109916666667,0.05021026348103379,0.9497897365189664,9.069484709,1.824915993918969,1.7727755369498557
Sub-Humid,F-Invertivore,A.natalis,3.33,160,Fish,-28.21249327,-82.70964939946938,5.890595672324496,-6.45,0.173,0.122,0.4687578546559083,-85.733137562,Animal,5.548216580083333,2.7229109916666667,0.05021026348103379,0.9497897365189664,8.755366002,1.7325281389189695,1.683027334949856
Sub-Humid,F-Invertivore,A.natalis,3.33,160,Fish,-27.47903657,-77.2971351874694,6.022088308324495,-6.45,0.173,0.122,0.4687578546559083,-80.32062335,Animal,5.548216580083333,2.7229109916666667,0.05021026348103379,0.9497897365189664,8.886858638,1.7712024436248515,1.7205966595212843
Sub-Humid,F-Invertivore,A.natalis,3.33,160,Fish,-28.04252086,-82.28800831746939,6.110087226324495,-6.45,0.173,0.122,0.4687578546559083,-85.31149648,Animal,5.548216580083333,2.7229109916666667,0.05021026348103379,0.9497897365189664,8.974857556,1.797084478330734,1.7457392075212843
Sub-Humid,F-Invertivore,A.natalis,3.33,160,Fish,-27.77777596,-82.12477856746939,5.974548663324494,-6.45,0.173,0.122,0.4687578546559083,-85.14826673,Animal,5.548216580083333,2.7229109916666667,0.05021026348103379,0.9497897365189664,8.839318993,1.7572201950954396,1.7070139038069985
Sub-Humid,F-Invertivore,A.natalis,3.33,160,Fish,-27.83340329,-82.70964939946938,5.934089390324495,-6.45,0.173,0.122,0.4687578546559083,-85.733137562,Animal,5.548216580083333,2.7229109916666667,0.05021026348103379,0.9497897365189664,8.79885972,1.7453204089189691,1.6954541115212842
Sub-Humid,F-Invertivore,A.natalis,3.33,160,Fish,-27.53878445,-69.66573239746938,6.095926481324495,-6.45,0.173,0.122,0.4687578546559083,-72.68922056,Animal,5.548216580083333,2.7229109916666667,0.05021026348103379,0.9497897365189664,8.960696811,1.792919553330734,1.7416932803784273
Sub-Humid,F-Invertivore,A.natalis,3.33,200,Fish,-27.13291093,-94.72397148746938,6.595598498324495,-6.45,0.173,0.122,0.4687578546559083,-97.74745965,Animal,5.548216580083333,2.7229109916666667,0.05021026348103379,0.9497897365189664,9.460368828,1.9398819112719103,1.8844567138069988
Sub-Humid,F-Invertivore,A.natalis,3.33,200,Fish,-27.69742536,-84.30612152746939,5.687287827324495,-6.45,0.173,0.122,0.4687578546559083,-87.32960969,Animal,5.548216580083333,2.7229109916666667,0.05021026348103379,0.9497897365189664,8.552058157,1.672731713918969,1.62493937923557
Sub-Humid,F-Invertivore,A.natalis,3.33,80,Fish,-29.07265668,-88.22116223746939,6.019053863324496,-6.45,0.173,0.122,0.4687578546559083,-91.2446504,Animal,5.548216580083333,2.7229109916666667,0.05021026348103379,0.9497897365189664,8.883824193,1.7703099598013223,1.7197296752355702
Sub-Humid,I-Predator,Coenagrionidae,3,NA,Invertebrate,-32.1682148,-98.2100327456176,3.925475598954525,-6.45,0.173,0.122,0.4343917913771157,-101.0118598,Animal,5.548216580083333,2.7229109916666667,0.4088672839903953,0.5911327160096047,7.803561613,1.154551646751331,1.12156445684415
Sub-Humid,I-Filterer,Corbiculidae,2,NA,Invertebrate,-32.90239165,-94.32006435063796,2.2860519778285022,-6.45,0.173,0.122,0.31607229912589563,-96.35873068,Animal,5.548216580083333,2.7229109916666667,0.20175662443094491,0.7982433755690551,5.578987088,0.6723682287730889,0.6723682287730889
Sub-Humid,I-Filterer,Corbiculidae,2,NA,Invertebrate,-32.29801192,-79.22191335063798,2.601960315828502,-6.45,0.173,0.122,0.31607229912589563,-81.26057968,Animal,5.548216580083333,2.7229109916666667,0.20175662443094491,0.7982433755690551,5.894895426,0.7652824458319124,0.7652824458319124
Sub-Humid,I-Filterer,Corbiculidae,2,NA,Invertebrate,-31.63556993,-88.51926400063797,2.943962838828502,-6.45,0.173,0.122,0.31607229912589563,-90.55793033,Animal,5.548216580083333,2.7229109916666667,0.20175662443094491,0.7982433755690551,6.236897949,0.8658714231848536,0.8658714231848536
Sub-Humid,I-Predator,Corduliidae,2,NA,Invertebrate,-31.77882925,-66.73955344063798,5.141417869954527,-6.45,0.173,0.122,0.31607229912589563,-68.77821977,Animal,5.548216580083333,2.7229109916666667,0.4088672839903953,0.5911327160096047,9.019503884,1.5121817264572137,1.468976534272722
Sub-Humid,I-Gatherer,Dogielinotidae,2,NA,Invertebrate,-32.85119485,-120.08261937063796,4.459442999529106,-6.45,0.173,0.122,0.31607229912589563,-122.1212857,Animal,5.548216580083333,2.7229109916666667,0.4643921380340013,0.5356078619659987,8.494403694,1.311600882214443,1.2741265712940302
Sub-Humid,I-Predator,Dytiscidae,3,NA,Invertebrate,-25.45290685,-102.0068238456176,3.3716886549545246,-6.45,0.173,0.122,0.4343917913771157,-104.8086509,Animal,5.548216580083333,2.7229109916666667,0.4088672839903953,0.5911327160096047,7.249774669,0.9916731338101543,0.9916731338101543
Sub-Humid,I-Predator,Dytiscidae,3,NA,Invertebrate,-38.04823004,-137.1767950456176,0.8778808859545251,-6.45,0.173,0.122,0.4343917913771157,-139.9786221,Animal,5.548216580083333,2.7229109916666667,0.4088672839903953,0.5911327160096047,4.7559669,0.25820026057486034,0.25820026057486034
Sub-Humid,F-Invertivore,E.gracile,3.2,80,Fish,-30.58363718,-83.24109514677068,5.767127155324495,-6.45,0.173,0.122,0.45547627646966393,-86.17891713,Animal,5.548216580083333,2.7229109916666667,0.05021026348103379,0.9497897365189664,8.631897485,1.6962138692130868,1.6477506158069986
Sub-Humid,I-NA,Filamentous Algae,1,NA,Aquatic,-39.43910991,-145.87721416776054,-0.17731292708333335,-6.45,0.173,0.122,0.17300157088983747,-146.9930743,Plant,5.548216580083333,2.7229109916666667,1,0,5.370903653,0,0
Sub-Humid,I-NA,Filamentous Algae,1,NA,Aquatic,-30.82308491,-142.97153496776056,-2.6212732710833335,-6.45,0.173,0.122,0.17300157088983747,-144.0873951,Plant,5.548216580083333,2.7229109916666667,1,0,2.926943309,0,0
Sub-Humid,I-NA,Filamentous Algae,1,NA,Aquatic,-40.62202261,-135.51186346776055,-1.037187121083333,-6.45,0.173,0.122,0.17300157088983747,-136.6277236,Plant,5.548216580083333,2.7229109916666667,1,0,4.511029459,0,0
Sub-Humid,I-NA,Filamentous Algae,1,NA,Aquatic,-38.6102524,-141.05668446776056,0.6723610999166665,-6.45,0.173,0.122,0.17300157088983747,-142.1725446,Plant,5.548216580083333,2.7229109916666667,1,0,6.22057768,0.1977532646813725,0.1977532646813725
Sub-Humid,I-NA,Filamentous Algae,1,NA,Aquatic,-37.11012263,-172.58158796776056,0.091971518916667,-6.45,0.173,0.122,0.17300157088983747,-173.6974481,Plant,5.548216580083333,2.7229109916666667,1,0,5.640188099,0.027050446740196174,0.027050446740196174
Sub-Humid,I-NA,Filamentous Algae,1,NA,Aquatic,-40.30275897,-147.59977700776057,-1.3605324590833332,-6.45,0.173,0.122,0.17300157088983747,-148.71563714,Plant,5.548216580083333,2.7229109916666667,1,0,4.187684121,0,0
Sub-Humid,I-NA,C3 grass,1,NA,Terrestrial,-31.57007995,-67.80619395776056,-1.7880605676666668,-6.45,0.173,0.122,0.17300157088983747,-68.92205409,Plant,5.548216580083333,2.7229109916666667,0,1,0.934850424,0,0
Sub-Humid,I-NA,C3 grass,1,NA,Terrestrial,-30.60307952,-101.60125406776056,-1.4973557696666666,-6.45,0.173,0.122,0.17300157088983747,-102.7171142,Plant,5.548216580083333,2.7229109916666667,0,1,1.2255552220000001,0,0
Sub-Humid,I-NA,C3 grass,1,NA,Terrestrial,-31.7365879,-84.02416266776055,2.311213408333333,-6.45,0.173,0.122,0.17300157088983747,-85.1400228,Plant,5.548216580083333,2.7229109916666667,0,1,5.0341244,0.6797686495098038,0.6797686495098038
Sub-Humid,I-Predator,Gyrinidae,3,NA,Invertebrate,-28.62739821,-108.9626551456176,1.8246494839545253,-6.45,0.173,0.122,0.4343917913771157,-111.7644822,Animal,5.548216580083333,2.7229109916666667,0.4088672839903953,0.5911327160096047,5.702735498,0.5366616129278016,0.5366616129278016
Sub-Humid,F-Invertivore,L.auritus,3.2,120,Fish,-26.79090584,-79.28163421677067,5.287752510324495,-6.45,0.173,0.122,0.45547627646966393,-82.2194562,Animal,5.548216580083333,2.7229109916666667,0.05021026348103379,0.9497897365189664,8.15252284,1.555221326566028,1.5107864315212842
Sub-Humid,F-Invertivore,L.auritus,3.2,120,Fish,-29.45071652,-96.00170944677068,6.583460716324495,-6.45,0.173,0.122,0.45547627646966393,-98.93953143,Animal,5.548216580083333,2.7229109916666667,0.05021026348103379,0.9497897365189664,9.448231046,1.9363119753895575,1.8809887760927129
Sub-Humid,F-Invertivore,L.auritus,3.2,120,Fish,-25.98739991,-85.54181545677068,8.811755160324495,-6.45,0.173,0.122,0.45547627646966393,-88.47963744,Animal,5.548216580083333,2.7229109916666667,0.05021026348103379,0.9497897365189664,11.67652549,2.5916926942130867,2.447709766756804
Sub-Humid,F-Invertivore,L.auritus,3.2,160,Fish,-28.20219191142857,-84.38519256677067,6.894419126753068,-6.45,0.173,0.122,0.45547627646966393,-87.32301455,Animal,5.548216580083333,2.7229109916666667,0.05021026348103379,0.9497897365189664,9.759189456428572,2.027770331397961,1.9698340362151623
Sub-Humid,F-Invertivore,L.auritus,3.2,160,Fish,-27.05050007,-77.79911965677067,6.051421281324496,-6.45,0.173,0.122,0.45547627646966393,-80.73694164,Animal,5.548216580083333,2.7229109916666667,0.05021026348103379,0.9497897365189664,8.916191611,1.7798297886248517,1.7289775089498558
Sub-Humid,F-Invertivore,L.auritus,3.2,80,Fish,-29.87513248,-89.09906975677067,6.614816653324496,-6.45,0.173,0.122,0.45547627646966393,-92.03689174,Animal,5.548216580083333,2.7229109916666667,0.05021026348103379,0.9497897365189664,9.479586983,1.9455343098013225,1.8899476152355703
Sub-Humid,F-Invertivore,L.auritus,3.2,80,Fish,-29.53415752,-90.21199983677069,6.5713229353244955,-6.45,0.173,0.122,0.45547627646966393,-93.14982182,Animal,5.548216580083333,2.7229109916666667,0.05021026348103379,0.9497897365189664,9.436093265,1.9327420398013222,1.8775208386641415
Sub-Humid,F-Invertivore,L.auritus,3.2,80,Fish,-28.72653104,-71.90471218677067,8.340404630324496,-6.45,0.173,0.122,0.45547627646966393,-74.84253417,Animal,5.548216580083333,2.7229109916666667,0.05021026348103379,0.9497897365189664,11.20517496,2.4530601853895577,2.3167790639790264
Sub-Humid,F-Piscivore,L.cyanellus,3.5,100,Fish,-28.727046110000003,-87.6420281681044,7.393348162792355,-6.45,0.173,0.122,0.4856384948675363,-90.77439646,Animal,5.548216580083333,2.7229109916666667,0.09882988027410455,0.9011701197258954,10.3954837675,2.1745141655271634,2.0537078229978762
Sub-Humid,F-Piscivore,L.cyanellus,3.5,120,Fish,-27.2153218,-84.1158636581044,6.322694660292354,-6.45,0.173,0.122,0.4856384948675363,-87.24823195,Animal,5.548216580083333,2.7229109916666667,0.09882988027410455,0.9011701197258954,9.324830265,1.8596160765565748,1.8064841886549583
Sub-Humid,F-Piscivore,L.cyanellus,3.5,120,Fish,-30.23877042,-84.1158636581044,8.464001665292356,-6.45,0.173,0.122,0.4856384948675363,-87.24823195,Animal,5.548216580083333,2.7229109916666667,0.09882988027410455,0.9011701197258954,11.46613727,2.489412254497752,2.351111573692321
Sub-Humid,F-Piscivore,L.cyanellus,3.5,160,Fish,-28.727046110000003,-80.5896991481044,7.393348162792355,-6.45,0.173,0.122,0.4856384948675363,-83.72206744,Animal,5.548216580083333,2.7229109916666667,0.09882988027410455,0.9011701197258954,10.3954837675,2.1745141655271634,2.0537078229978762
Sub-Humid,F-Invertivore,L.gulosus,3.4,120,Fish,-28.58643257,-77.11420242491782,6.956697507324495,-6.45,0.173,0.122,0.475774783733672,-80.18294978,Animal,5.548216580083333,2.7229109916666667,0.05021026348103379,0.9497897365189664,9.821467837,2.0460875021542635,1.98762785923557
Sub-Humid,F-Invertivore,L.gulosus,3.4,120,Fish,-28.1960111,-80.68712018491782,6.607736280324495,-6.45,0.173,0.122,0.475774783733672,-83.75586754,Animal,5.548216580083333,2.7229109916666667,0.05021026348103379,0.9497897365189664,9.47250661,1.9434518471542634,1.8879246515212844
Sub-Humid,F-Invertivore,L.gulosus,3.4,80,Fish,-29.46513842,-81.48842984491782,6.2001091083244955,-6.45,0.173,0.122,0.475774783733672,-84.5571772,Animal,5.548216580083333,2.7229109916666667,0.05021026348103379,0.9497897365189664,9.064879438,1.8235615024483811,1.77145974523557
Sub-Humid,F-Invertivore,L.gulosus,3.4,80,Fish,-29.39611932,-78.15458595491782,6.537944035324495,-6.45,0.173,0.122,0.475774783733672,-81.22333331,Animal,5.548216580083333,2.7229109916666667,0.05021026348103379,0.9497897365189664,9.402714365,1.9229247162719103,1.8679840100927128
Sub-Humid,F-Invertivore,L.gulosus,3.4,80,Fish,-28.544197,-77.51320846491782,6.6957351983244955,-6.45,0.173,0.122,0.475774783733672,-80.58195582,Animal,5.548216580083333,2.7229109916666667,0.05021026348103379,0.9497897365189664,9.560505528,1.9693338818601458,1.9130671995212845
Sub-Humid,F-Invertivore,L.macrochirus,3.2,120,Fish,-24.89751621,-80.35885884677067,16.239066140324496,-6.45,0.173,0.122,0.45547627646966393,-83.29668083,Animal,5.548216580083333,2.7229109916666667,0.05021026348103379,0.9497897365189664,19.10383647,4.776195923624852,4.273438457980131
Sub-Humid,F-Invertivore,L.macrochirus,3.2,120,Fish,-25.80506587,-80.35885884677067,5.932066427324495,-6.45,0.173,0.122,0.45547627646966393,-83.29668083,Animal,5.548216580083333,2.7229109916666667,0.05021026348103379,0.9497897365189664,8.796836757,1.744725419801322,1.6948761220927129
Sub-Humid,F-Invertivore,L.macrochirus,3.2,120,Fish,-26.61372248,-77.97306651121512,6.271924317324496,-6.45,0.173,0.122,0.45547627646966393,-80.91088849444445,Animal,5.548216580083333,2.7229109916666667,0.05021026348103379,0.9497897365189664,9.136694647,1.8446836227424988,1.7919783763784274
Sub-Humid,F-Invertivore,L.macrochirus,3.2,160,Fish,-27.4053818575,-73.97476214677067,8.891282917324496,-6.45,0.173,0.122,0.45547627646966393,-76.91258413,Animal,5.548216580083333,2.7229109916666667,0.05021026348103379,0.9497897365189664,11.756053247,2.615083210977793,2.4698008103679157
Sub-Humid,F-Invertivore,L.macrochirus,3.2,160,Fish,-27.4053818575,-84.70505691677067,8.891282917324496,-6.45,0.173,0.122,0.45547627646966393,-87.6428789,Animal,5.548216580083333,2.7229109916666667,0.05021026348103379,0.9497897365189664,11.756053247,2.615083210977793,2.4698008103679157
Sub-Humid,F-Invertivore,L.macrochirus,3.2,80,Fish,-28.94182943,-77.03985402677067,6.349808417324494,-6.45,0.173,0.122,0.45547627646966393,-79.97767601,Animal,5.548216580083333,2.7229109916666667,0.05021026348103379,0.9497897365189664,9.214578747,1.8675907109777925,1.814230976378427
Sub-Humid,F-Invertivore,L.macrochirus,3.2,80,Fish,-26.79399625,-55.01455551677066,14.134172480324494,-6.45,0.173,0.122,0.45547627646966393,-57.9523775,Animal,5.548216580083333,2.7229109916666667,0.05021026348103379,0.9497897365189664,16.99894281,4.157109553036616,3.8200466163039173
Sub-Humid,F-Invertivore,L.macrochirus,3.2,80,Fish,-28.126992,-75.10418007677067,6.688654825324495,-6.45,0.173,0.122,0.45547627646966393,-78.04200206,Animal,5.548216580083333,2.7229109916666667,0.05021026348103379,0.9497897365189664,9.553425155,1.9672514192130868,1.9110442358069986
Sub-Humid,F-Invertivore,L.macrochirus,3.2,80,Fish,-28.99539649,-84.84437927677067,8.201831620324496,-6.45,0.173,0.122,0.45547627646966393,-87.78220126,Animal,5.548216580083333,2.7229109916666667,0.05021026348103379,0.9497897365189664,11.06660195,2.412303417742499,2.278286561201249
Sub-Humid,F-Invertivore,L.macrochirus,3.2,80,Fish,-29.06853613,-90.35709294677068,7.312739110324495,-6.45,0.173,0.122,0.45547627646966393,-93.29491493,Animal,5.548216580083333,2.7229109916666667,0.05021026348103379,0.9497897365189664,10.17750944,2.150805620683675,2.031316419534582
Sub-Humid,F-Piscivore,L.megalotis,3.6,80,Fish,-27.50765486,-73.84632441942327,6.618158197292356,-6.45,0.173,0.122,0.4953166124925167,-77.04111657,Animal,5.548216580083333,2.7229109916666667,0.09882988027410455,0.9011701197258954,9.620293802,1.946517116850693,1.8909023420835303
Sub-Humid,F-Piscivore,L.megalotis,3.6,80,Fish,-28.96758282,-87.91630663942327,6.570507705292355,-6.45,0.173,0.122,0.4953166124925167,-91.11109879,Animal,5.548216580083333,2.7229109916666667,0.09882988027410455,0.9011701197258954,9.57264331,1.9325022662624576,1.8772879157978157
Sub-Humid,F-Piscivore,L.megalotis,3.6,80,Fish,-29.6485026,-83.27785395942327,6.347981705292355,-6.45,0.173,0.122,0.4953166124925167,-86.47264611,Animal,5.548216580083333,2.7229109916666667,0.09882988027410455,0.9011701197258954,9.35011731,1.8670534427330456,1.8137090586549587
Sub-Humid,F-Piscivore,L.megalotis,3.6,80,Fish,-29.67013545,-92.60785784942328,6.825401123292355,-6.45,0.173,0.122,0.4953166124925167,-95.80265,Animal,5.548216580083333,2.7229109916666667,0.09882988027410455,0.9011701197258954,9.827536728,2.0074709186153985,1.9501146066549586
Sub-Humid,F-Piscivore,L.microlophus,3.5,120,Fish,-30.07909937,-90.0627951281044,6.066789760292355,-6.45,0.173,0.122,0.4856384948675363,-93.19516342,Animal,5.548216580083333,2.7229109916666667,0.09882988027410455,0.9011701197258954,9.068925365,1.7843499294977516,1.733368502940673
Sub-Humid,F-Piscivore,L.microlophus,3.5,120,Fish,-29.78448053,-90.0627951281044,5.4234873252923546,-6.45,0.173,0.122,0.4856384948675363,-93.19516342,Animal,5.548216580083333,2.7229109916666667,0.09882988027410455,0.9011701197258954,8.42562293,1.5951433309683396,1.549567807226387
Sub-Humid,F-Piscivore,L.microlophus,3.5,160,Fish,-29.93178995,-84.7232039081044,5.745138542792356,-6.45,0.173,0.122,0.4856384948675363,-87.8555722,Animal,5.548216580083333,2.7229109916666667,0.09882988027410455,0.9011701197258954,8.7472741475,1.689746630233046,1.6414681550835302
Sub-Humid,F-Piscivore,L.oculatus,4,400,Fish,-26.49277342,-82.91456734602575,8.288674015292354,-6.45,0.173,0.122,0.5322420114688746,-86.34752832,Animal,5.548216580083333,2.7229109916666667,0.09882988027410455,0.9011701197258954,11.29080962,2.4378452986153984,2.3024094486923206
Sub-Humid,F-Piscivore,L.oculatus,4,580,Fish,-25.99480163,-68.77918044602575,10.848074265292356,-6.45,0.173,0.122,0.5322420114688746,-72.21214142,Animal,5.548216580083333,2.7229109916666667,0.09882988027410455,0.9011701197258954,13.85020987,3.1906100780271633,2.9319119635925284
Sub-Humid,I-NA,leaf,1,NA,Terrestrial,-32.316051710000004,-94.12368009776056,0.0489897573333331,-6.45,0.173,0.122,0.17300157088983747,-95.23954023,Plant,5.548216580083333,2.7229109916666667,0,1,2.771900749,0.014408752156862676,0.014408752156862676
Sub-Humid,I-NA,leaf,1,NA,Terrestrial,-30.96532095,-57.353613187760544,-1.271932047666667,-6.45,0.173,0.122,0.17300157088983747,-58.46947332,Plant,5.548216580083333,2.7229109916666667,0,1,1.450978944,0,0
Sub-Humid,I-NA,leaf,1,NA,Terrestrial,-32.11753522,-91.45141222776056,2.1971452193333336,-6.45,0.173,0.122,0.17300157088983747,-92.56727236,Plant,5.548216580083333,2.7229109916666667,0,1,4.920056211,0.6462191821568628,0.6462191821568628
Sub-Humid,I-Gatherer,Leptophlebiidae,2,NA,Invertebrate,-35.23904967,-108.37688287063796,0.34068904352910523,-6.45,0.173,0.122,0.31607229912589563,-110.4155492,Animal,5.548216580083333,2.7229109916666667,0.4643921380340013,0.5356078619659987,4.375649738,0.10020265986150154,0.10020265986150154
Sub-Humid,F-Piscivore,M.salmoides,3.8,80,Fish,-29.62686975,-96.26971696438528,7.106593065292355,-6.45,0.173,0.122,0.5141299698627473,-99.58585527,Animal,5.548216580083333,2.7229109916666667,0.09882988027410455,0.9011701197258954,10.10872867,2.09017443096834,1.9740536292478763
Sub-Humid,F-Herbivore,P.latipinna,2,40,Fish,-27.71802808,-84.45336043063797,6.583048838506608,-6.45,0.173,0.122,0.31607229912589563,-86.49202676,Animal,5.548216580083333,2.7229109916666667,0.18353499669298468,0.8164650033070153,9.824502282,1.9361908348548846,1.8808710967161737
Sub-Humid,F-Herbivore,P.latipinna,2,40,Fish,-27.04328912,-79.02226163063797,6.393901738506608,-6.45,0.173,0.122,0.31607229912589563,-81.06092796,Animal,5.548216580083333,2.7229109916666667,0.18353499669298468,0.8164650033070153,9.635355182,1.8805593348548848,1.8268290681447452
Sub-Humid,F-Herbivore,P.latipinna,2,40,Fish,-27.035048033333332,-82.12857314063797,7.648139191173275,-6.45,0.173,0.122,0.31607229912589563,-84.16723947,Animal,5.548216580083333,2.7229109916666667,0.18353499669298468,0.8164650033070153,10.889592634666666,2.2494527032862575,2.124483108659243
Sub-Humid,F-Herbivore,P.latipinna,2,40,Fish,-26.3438269,-91.62227894063795,9.967466996506609,-6.45,0.173,0.122,0.31607229912589563,-93.66094527,Animal,5.548216580083333,2.7229109916666667,0.18353499669298468,0.8164650033070153,13.20892044,2.9316079401490027,2.7687408323629468
Sub-Humid,I-Gatherer,Palaemonidae,2,NA,Invertebrate,-29.42323666,-91.88408812063795,5.338489032529106,-6.45,0.173,0.122,0.31607229912589563,-93.92275445,Animal,5.548216580083333,2.7229109916666667,0.4643921380340013,0.5356078619659987,9.373449727,1.5701438330967958,1.5252825807226016
Sub-Humid,I-NA,periphyton,1,NA,Aquatic,-29.65654471,-119.77905866776057,5.807125859916666,-6.45,0.173,0.122,0.17300157088983747,-120.8949188,Plant,5.548216580083333,2.7229109916666667,1,0,11.35534244,1.7079781940931371,1.6591788171190474
Sub-Humid,I-NA,periphyton,1,NA,Aquatic,-31.51686934,-115.25710276776056,-1.8226000870833337,-6.45,0.173,0.122,0.17300157088983747,-116.3729629,Plant,5.548216580083333,2.7229109916666667,1,0,3.725616493,0,0
Sub-Humid,I-NA,periphyton,1,NA,Aquatic,-30.8128521,-118.28600276776056,-0.7597425410833338,-6.45,0.173,0.122,0.17300157088983747,-119.4018629,Plant,5.548216580083333,2.7229109916666667,1,0,4.788474039,0,0
Sub-Humid,I-NA,periphyton,1,NA,Aquatic,-30.78215367,-126.46015286776056,4.206719443916666,-6.45,0.173,0.122,0.17300157088983747,-127.576013,Plant,5.548216580083333,2.7229109916666667,1,0,9.754936024,1.2372704246813724,1.2019198411190473
Sub-Humid,I-NA,periphyton,1,NA,Aquatic,-30.4649366,-126.25697386776056,-1.610436585083333,-6.45,0.173,0.122,0.17300157088983747,-127.372834,Plant,5.548216580083333,2.7229109916666667,1,0,3.937779995,0,0
Sub-Humid,I-NA,periphyton,1,NA,Aquatic,-30.80159601,-121.66922876776056,-1.3890929310833338,-6.45,0.173,0.122,0.17300157088983747,-122.7850889,Plant,5.548216580083333,2.7229109916666667,1,0,4.159123649,0,0
