﻿C13,N15,category,trophic_category,site,species,trophic_level_fbase,size_max,replicate,UID,weight_(mg),N2_amp,%N,%C,CO2_amp,comment,C13_raw,N15_raw
-28.10757699,13.46592308,fish,fish_invertivore,AR,A.natalis,3.33,80,1,AR_A.natalis_80_1,0.936,3722,12.78024421,40.81248347,4603,,-27.17557699,21.38792308
-26.93996646,9.62447938,fish,fish_invertivore,AR,A.natalis,3.33,80,2,AR_A.natalis_80_2,1.0901,3371,9.919851337,32.34659405,4259,,-26.00796646,17.54647938
-27.31564151,12.16785003,fish,fish_invertivore,AR,A.natalis,3.33,80,3,AR_A.natalis_80_3,0.8116,3193,12.76343304,41.58829472,4065,,-26.38364151,20.08985003
-32.12331447,4.81035782,invertebrate,invertebrate_predator,AR,Aeshnidae,3,NA,1,AR_Aeshnidae_NA_1,1.126,2926,9.187764947,42.17663968,4785,,-31.32331447,11.61035782
-31.07385596,18.04175667,Aquatic primary producer,aquatic_primary_producer,AR,aquatic vegetation,1,NA,1,AR_aquatic vegetation_NA_1,3.697,4509,3.872604577,36.99331773,14284,,-31.07385596,18.04175667
-31.13213242,17.74438731,Aquatic primary producer,aquatic_primary_producer,AR,aquatic vegetation,1,NA,2,AR_aquatic vegetation_NA_2,3.2703,3875,3.796478679,36.33444655,12578,,-31.13213242,17.74438731
-31.09466898,17.98593648,Aquatic primary producer,aquatic_primary_producer,AR,aquatic vegetation,1,NA,3,AR_aquatic vegetation_NA_3,3.5979,4350,3.862349682,36.16766823,13656,,-31.09466898,17.98593648
-28.5301904,10.32105706,invertebrate,invertebrate_predator,SFC,Aeshnidae,3,NA,1,SFC_Aeshnidae_NA_1,1.2936,3839,10.20852635,41.63813237,5640,,-27.7301904,17.12105706
-25.77448331,9.93672203,invertebrate,invertebrate_grazer,SFC,Annelidae,2,NA,2,SFC_Annelidae_NA_2,1.1296,3340,10.20968411,45.24805337,5335,,-25.37448331,13.33672203
-22.94732558,2.290147448,invertebrate,invertebrate_predator,SFC,Belastomatidae,3,NA,1,SFC_Belastomatidae_NA_1,1.2904,3768,10.04847521,48.6807832,6436,,-22.14732558,9.090147448
-23.37875804,1.16469465,invertebrate,invertebrate_predator,SFC,Belastomatidae,3,NA,2,SFC_Belastomatidae_NA_2,1.2576,3539,9.648808682,45.21481682,5909,,-22.57875804,7.96469465
-29.01586805,12.91874438,invertebrate,invertebrate_grazer,GC,Cambaridae,2,NA,1,GC_Cambaridae_NA_1,1.1788,1754,5.389497126,23.72737699,3178,,-28.61586805,16.31874438
-32.06319851,3.308145728,invertebrate,invertebrate_grazer,GC,Cambaridae,2,NA,2,GC_Cambaridae_NA_2,1.1319,3471,11.03022623,35.29114042,4483,,-31.66319851,6.708145728
-29.40676135,2.679815356,invertebrate,invertebrate_grazer,GC,Cambaridae,2,NA,3,GC_Cambaridae_NA_3,1.0503,3446,11.91271604,35.71534646,4210,,-29.00676135,6.079815356
-31.431975,2.64762918,invertebrate,invertebrate_grazer,GC,Cambaridae,2,NA,4,GC_Cambaridae_NA_4,0.9884,3468,11.17473829,37.73665091,4189,,-31.031975,6.04762918
-24.16573392,20.40644766,invertebrate,invertebrate_grazer,SFC,Cambaridae,2,NA,1,SFC_Cambaridae_NA_1,1.287,1340,3.666199875,23.01224979,3169,,-23.76573392,23.80644766
-26.54075888,10.42609302,invertebrate,invertebrate_grazer,AR,Chironomidae,2,NA,1,AR_Chironomidae_NA_1,0.3752,981,9.415422499,42.03878218,1662,,-26.14075888,13.82609302
-29.85317223,9.634221762,organic material,organic_material,AR,CPOM,1,NA,1,AR_CPOM_NA_1,3.642,1735,1.468434444,37.92265291,14519,,-29.85317223,9.634221762
-27.25050386,10.51516579,organic material,organic_material,AR,CPOM,1,NA,2,AR_CPOM_NA_2,3.5585,2099,1.86732073,32.93626709,12668,,-27.25050386,10.51516579
-27.05590211,10.89575796,organic material,organic_material,AR,CPOM,1,NA,3,AR_CPOM_NA_3,3.7398,2548,2.163498866,40.49692705,15452,,-27.05590211,10.89575796
-27.16725178,10.86429568,organic material,organic_material,AR,CPOM,1,NA,4,AR_CPOM_NA_4,3.442,1725,1.575480086,33.48043392,12457,,-27.16725178,10.86429568
-27.51066664,5.553258718,organic material,organic_material,AR,CPOM,1,NA,5,AR_CPOM_NA_5,3.8218,1065,0.924832561,41.57813743,15950,,-27.51066664,5.553258718
-29.01857006,7.366907303,organic material,organic_material,AR,CPOM,1,NA,6,AR_CPOM_NA_6,3.492,1425,1.317635614,40.68653901,14660,,-29.01857006,7.366907303
-30.00465668,0.961824193,fish,fish_invertivore,GC,A.natalis,3.33,80,1,GC_A.natalis_80_1,1.0048,3852,12.13046765,41.74093792,4689,,-29.07265668,8.883824193
-29.14449327,0.833366002,fish,fish_invertivore,GC,A.natalis,3.33,160,1,GC_A.natalis_160_1,1.1557,4843,13.19054762,47.09347335,6008,,-28.21249327,8.755366002
-28.41103657,0.964858638,fish,fish_invertivore,GC,A.natalis,3.33,160,2,GC_A.natalis_160_2,1.0081,4406,13.83220514,45.29766693,5089,,-27.47903657,8.886858638
-26.29821227,10.62304726,invertebrate,invertebrate_grazer,SFC,Chironomidae,2,NA,1,SFC_Chironomidae_NA_1,0.9352,4366,16.08816945,52.62727509,5152,,-25.89821227,14.02304726
-28.54481313,10.89161186,invertebrate,invertebrate_predator,AR,Coenagrionidae,3,NA,1,AR_Coenagrionidae_NA_1,1.2585,4055,10.3922223,40.9319226,6085,,-27.74481313,17.69161186
-28.21700804,13.035107,invertebrate,invertebrate_predator,AR,Coenagrionidae,3,NA,2,AR_Coenagrionidae_NA_2,1.0734,2637,7.972568556,37.84864101,4848,,-27.41700804,19.835107
-29.54722081,15.76429308,Aquatic primary producer,aquatic_primary_producer,AR,Filamentous Algae,1,NA,3,AR_Filamentous Algae_NA_3,3.4881,3897,3.509001416,30.93367939,11813,,-29.54722081,15.76429308
-20.87235335,19.18556302,Aquatic primary producer,aquatic_primary_producer,AR,Filamentous Algae,1,NA,4,AR_Filamentous Algae_NA_4,3.8226,4059,3.33523194,28.20897658,11757,,-20.87235335,19.18556302
-25.08603107,5.951538407,organic material,organic_material,AR,FPOM,1,NA,1,AR_FPOM_NA_1,3.8401,98,0.094828529,38.36934099,14264,,-25.08603107,5.951538407
-29.2774315,10.68456972,invertebrate,invertebrate_predator,AR,Coenagrionidae,3,NA,3,AR_coenagrionidae_NA_3,0.9212,3152,11.0986299,43.36642801,4775,,-28.4774315,17.48456972
-31.8304093,12.88194167,Terrestrial primary producer,terrestrial_primary_producer,AR,grass,1,NA,1,AR_grass_NA_1,3.1214,1808,1.819218147,39.28913821,13043,,-31.8304093,12.88194167
-31.38084803,13.99530065,Terrestrial primary producer,terrestrial_primary_producer,AR,grass,1,NA,2,AR_grass_NA_2,3.192,1948,1.93758836,39.44727365,13325,,-31.38084803,13.99530065
-30.64614836,8.583787355,Terrestrial primary producer,terrestrial_primary_producer,AR,grass,1,NA,3,AR_grass_NA_3,3.6168,2078,1.79134027,39.48813856,14807,,-30.64614836,8.583787355
-32.9682148,1.003561613,invertebrate,invertebrate_predator,GC,Coenagrionidae,3,NA,1,GC_Coenagrionidae_NA_1,0.9855,3237,10.46232284,42.42761862,4658,,-32.1682148,7.803561613
-28.97452086,1.052857556,fish,fish_invertivore,GC,A.natalis,3.33,160,3,GC_A.natalis_160_3,1.0883,4564,13.21082506,43.87144008,5315,,-28.04252086,8.974857556
-28.70977596,0.917318993,fish,fish_invertivore,GC,A.natalis,3.33,160,4,GC_A.natalis_160_4,1.0722,4699,13.8011001,45.08487069,5375,,-27.77777596,8.839318993
-28.76540329,0.87685972,fish,fish_invertivore,GC,A.natalis,3.33,160,5,GC_A.natalis_160_5,0.9361,4197,14.19227855,46.2985031,4831,,-27.83340329,8.79885972
-28.47078445,1.038696811,fish,fish_invertivore,GC,A.natalis,3.33,160,6,GC_A.natalis_160_6,0.9795,4056,13.13159049,43.69885696,4783,,-27.53878445,8.960696811
-28.06491093,1.538368828,fish,fish_invertivore,GC,A.natalis,3.33,200,1,GC_A.natalis_200_1,0.9731,4322,14.01295621,49.07986937,5313,,-27.13291093,9.460368828
-28.62942536,0.630058157,fish,fish_invertivore,GC,A.natalis,3.33,200,2,GC_A.natalis_200_2,1.0823,4694,13.67187035,44.33773148,5340,,-27.69742536,8.552058157
-28.57276789,2.66617105,fish,fish_invertivore,GC,A.natalis,3.33,120,1,GC_A.natalis_120_1,1.0335,4199,12.84118061,42.58131449,4920,,-27.64076789,10.58817105
-26.55010859,6.51361005,invertebrate,invertebrate_predator,SFC,Coenagrionidae,3,NA,1,SFC_Coenagrionidae_NA_1,1.0136,3599,12.33097818,48.98756992,5145,,-25.75010859,13.31361005
-29.60312522,1.147484709,fish,fish_invertivore,GC,A.natalis,3.33,120,2,GC_A.natalis_120_2,1.0244,3976,13.84393019,40.63226783,4674,,-28.67112522,9.069484709
-26.11321547,7.81494989,fish,fish_herbivore,SFC,C.lutrensis,2.82,80,1,SFC_C.lutrensis_80_1,1.2118,3599,10.24613008,34.51821845,4432,,-25.38521547,14.00294989
-26.79216162,12.7275963,fish,fish_herbivore,AR,C.lutrensis,2.82,NA,7,AR_Cyprinidae_NA_7,0.8963,3153,11.34396385,38.19615474,4136,,-26.06416162,18.9155963
-29.38650479,13.40961748,fish,fish_herbivore,AR,C.lutrensis,2.82,NA,8,AR_Cyprinidae_NA_8,0.9087,3188,11.22402767,46.60855112,5101,,-28.65850479,19.59761748
-26.88894217,10.60642924,fish,fish_herbivore,AR,C.lutrensis,2.82,NA,9,AR_Cyprinidae_NA_9,1.2206,4233,11.10084577,44.54721986,6438,,-26.16094217,16.79442924
-31.46363718,1.151897485,fish,fish_invertivore,GC,E.gracile,3.2,80,1,GC_E.gracile_80_1,0.9689,2801,10.36107078,33.44194425,3683,"diet includes primarily midge (dipteran) larvae, mayfly (ephemeroptera) nymphs, and microcrustaceans (copepods and cladocerans; Goldstein and Simon 1999)",-30.58363718,8.631897485
-27.49434092,12.39470156,fish,fish_herbivore,AR,H.cyanoguttatus,2.9,40,1,AR_H.cyanoguttatus_40_1,0.9292,3114,10.71629593,37.0412473,4168,,-26.73434092,18.85470156
-28.06253642,13.20561662,fish,fish_herbivore,AR,H.cyanoguttatus,2.9,40,2,AR_H.cyanoguttatus_40_2,1.0842,3697,10.82801696,36.94419233,4828,,-27.30253642,19.66561662
-26.83873074,13.47964299,fish,fish_herbivore,AR,H.cyanoguttatus,2.9,80,1,AR_H.cyanoguttatus_80_1,1.2351,5195,13.321936,43.15975956,6334,,-26.07873074,19.93964299
-28.78370762,12.43732788,fish,fish_herbivore,AR,H.cyanoguttatus,2.9,80,2,AR_H.cyanoguttatus_80_2,1.291,5402,13.22218649,43.00137582,6591,,-28.02370762,18.89732788
-27.44022707,12.75499548,fish,fish_herbivore,AR,H.cyanoguttatus,2.9,80,3,AR_H.cyanoguttatus_80_3,0.9584,3983,13.20119018,42.34495973,4891,,-26.68022707,19.21499548
-26.77004777,8.66185349,fish,fish_herbivore,AR,H.cyanoguttatus,2.9,120,1,AR_H.cyanoguttatus_120_1,1.033,4378,13.44284562,41.90818105,5193,,-26.01004777,15.12185349
-25.80952681,9.32357642,fish,fish_herbivore,AR,H.cyanoguttatus,2.9,NA,1,AR_H.cyanoguttatus_NA_1,1.1602,4960,13.54889497,42.02664143,5808,,-25.04952681,15.78357642
-25.44869888,8.98091681,fish,fish_herbivore,SFC,H.cyanoguttatus,2.9,80,1,SFC_H.cyanoguttatus_80_1,1.2023,3866,11.08858044,37.25686413,4735,,-24.68869888,15.44091681
-26.87500172,8.36895185,fish,fish_herbivore,SFC,H.cyanoguttatus,2.9,80,2,SFC_H.cyanoguttatus_80_2,1.0709,2930,9.49765404,35.86628555,4079,,-26.11500172,14.82895185
-23.55984035,9.66724205,fish,fish_herbivore,SFC,H.cyanoguttatus,2.9,180,1,SFC_H.cyanoguttatus_180_1,1.0251,4031,13.58958313,42.38385813,4597,,-22.79984035,16.12724205
-28.88640654,8.91146577,fish,fish_piscivore,AR,I.punctatus,4.2,80,1,AR_I.punctatus_80_1,1.1624,4619,12.68089214,41.61553887,5770,,-27.60640654,19.79146577
-28.610634,9.20579038,fish,fish_piscivore,AR,I.punctatus,4.2,80,2,AR_I.punctatus_80_2,1.1078,4196,12.13529179,39.68901088,5275,,-27.330634,20.08579038
-32.20816565,8.944081282,Terrestrial primary producer,terrestrial_primary_producer,AR,leaf,1,NA,1,AR_leaf_NA_1,3.5707,3347,2.944814168,40.41479682,15011,,-32.20816565,8.944081282
-31.86162883,3.653342573,Terrestrial primary producer,terrestrial_primary_producer,AR,leaf,1,NA,2,AR_leaf_NA_2,3.8057,1829,1.530190211,44.22259164,16733,,-31.86162883,3.653342573
-30.67528659,7.89973635,Terrestrial primary producer,terrestrial_primary_producer,AR,leaf,1,NA,3,AR_leaf_NA_3,3.984,2129,1.747714457,41.74093145,15590,,-30.67528659,7.89973635
-27.51385573,7.24213976,invertebrate,invertebrate_predator,SFC,Coenagrionidae,3,NA,2,SFC_Coenagrionidae_NA_2,1.1248,3406,10.45861365,42.5880358,5029,,-26.71385573,14.04213976
-29.67522006,8.37153233,fish,fish_piscivore,AR,I.punctatus,4.2,80,3,AR_I.punctatus_80_3,1.0139,4040,12.81942398,40.91676693,4971,,-28.39522006,19.25153233
-30.75513248,1.999586983,fish,fish_invertivore,GC,L.auritus,3.2,80,1,GC_L.auritus_80_1,1.1923,4674,12.30041004,41.39316618,5493,,-29.87513248,9.479586983
-30.41415752,1.956093265,fish,fish_invertivore,GC,L.auritus,3.2,80,2,GC_L.auritus_80_2,1.0976,4684,13.37725858,44.02006591,5384,,-29.53415752,9.436093265
-28.02097565,11.15350251,invertebrate,invertebrate_grazer,AR,Corbiculidae,2,NA,1,AR_Corbiculidae_NA_1,1.0368,3228,10.13804471,41.28219136,5091,,-27.62097565,14.55350251
-26.25707206,7.91999137,invertebrate,invertebrate_grazer,AR,Corbiculidae,2,NA,2,AR_Corbiculidae_NA_2,0.8543,3066,11.70004687,43.59065849,4468,,-25.85707206,11.31999137
-29.60653104,3.72517496,fish,fish_invertivore,GC,L.auritus,3.2,80,3,GC_L.auritus_80_3,1.1564,4537,12.3677027,39.71618189,5124,,-28.72653104,11.20517496
-25.7165297,8.21638703,invertebrate,invertebrate_grazer,AR,Corbiculidae,2,NA,3,AR_Corbiculidae_NA_3,1.0145,3516,12.19192358,44.37000507,4596,,-25.3165297,11.61638703
-26.50319635,7.43861876,invertebrate,invertebrate_grazer,AR,Corbiculidae,2,NA,4,AR_Corbiculidae_NA_4,1.0709,3578,11.72907441,44.99069996,4959,,-26.10319635,10.83861876
-11.79371325,16.33467389,Aquatic primary producer,aquatic_primary_producer,AR,periphyton,1,NA,1,AR_periphyton_NA_1,3.1271,468,0.489321149,12.6092159,4702,,-11.79371325,16.33467389
-18.05531085,16.37933004,Aquatic primary producer,aquatic_primary_producer,AR,periphyton,1,NA,2,AR_periphyton_NA_2,2.9657,1029,1.129840721,11.29828426,4032,,-18.05531085,16.37933004
-24.69362414,15.43038688,Aquatic primary producer,aquatic_primary_producer,AR,periphyton,1,NA,3,AR_periphyton_NA_3,3.5861,866,0.798946091,7.741140895,3320,,-24.69362414,15.43038688
-15.87202487,15.16650964,Aquatic primary producer,aquatic_primary_producer,AR,periphyton,1,NA,4,AR_periphyton_NA_4,3.3097,897,0.878237628,12.88444793,5083,,-15.87202487,15.16650964
-18.37791269,16.73759414,Aquatic primary producer,aquatic_primary_producer,AR,periphyton,1,NA,5,AR_periphyton_NA_5,3.4435,944,0.887070641,9.517133827,3954,,-18.37791269,16.73759414
-18.32483948,16.38338969,Aquatic primary producer,aquatic_primary_producer,AR,periphyton,1,NA,6,AR_periphyton_NA_6,3.5663,1538,1.371348108,15.51647597,6548,,-18.32483948,16.38338969
-27.88208369,1.313802311,fish,fish_invertivore,GC,l.auritus,3.2,160,1,GC_l.auritus_160_1,1.1622,4815,12.9838296,42.24559626,5462,,-27.00208369,8.793802311
-27.93050007,1.436191611,fish,fish_invertivore,GC,L.auritus,3.2,160,2,GC_L.auritus_160_2,1.1042,4836,13.77643062,43.36734258,5321,,-27.05050007,8.916191611
-27.67090584,0.67252284,fish,fish_invertivore,GC,L.auritus,3.2,120,1,GC_L.auritus_120_1,1.003,4405,13.81881304,43.59468805,4893,,-26.79090584,8.15252284
-33.30239165,2.178987088,invertebrate,invertebrate_grazer,GC,Corbiculidae,2,NA,1,GC_Corbiculidae_NA_1,0.9164,2340,9.173142909,35.53791829,3694,,-32.90239165,5.578987088
-32.69801192,2.494895426,invertebrate,invertebrate_grazer,GC,Corbiculidae,2,NA,2,GC_Corbiculidae_NA_2,1.0467,3200,9.728955251,44.0121174,5122,,-32.29801192,5.894895426
-30.33071652,1.968231046,fish,fish_invertivore,GC,L.auritus,3.2,120,2,GC_L.auritus_120_2,0.9511,3812,12.67217411,44.2241468,4699,,-29.45071652,9.448231046
-26.86739991,4.19652549,fish,fish_invertivore,GC,L.auritus,3.2,120,3,GC_L.auritus_120_3,1.13,3855,10.77321906,34.56406009,4385,,-25.98739991,11.67652549
-26.93720219,7.83670372,fish,fish_piscivore,AR,L.cyanellus,3.5,80,4,AR_L.cyanellus_80_4,0.9087,2985,10.58421626,35.57691358,3920,,-25.93720219,16.33670372
-26.1796082,8.32284679,fish,fish_piscivore,AR,L.cyanellus,3.5,80,5,AR_L.cyanellus_80_5,1.165,4203,11.5130128,39.37252905,5476,,-25.1796082,16.82284679
-28.59391872,6.95880443,fish,fish_piscivore,AR,L.cyanellus,3.5,80,6,AR_L.cyanellus_80_6,0.9602,3916,13.16938255,41.73217105,4806,,-27.59391872,15.45880443
-25.81850227,6.16108323,fish,fish_piscivore,AR,L.cyanellus,3.5,12,1,AR_L.cyanellus_12_1,1.0765,4524,13.40709388,42.27264217,5436,,-24.81850227,14.66108323
-25.36269709,7.46829049,fish,fish_piscivore,AR,L.cyanellus,3.5,12,2,AR_L.cyanellus_12_2,1.0771,4537,13.46605049,42.24202877,5442,,-24.36269709,15.96829049
-25.27007915,1.71576661,fish,fish_piscivore,AR,L.cyanellus,3.5,12,3,AR_L.cyanellus_12_3,0.9957,4161,13.48520336,41.96310189,5007,,-24.27007915,10.21576661
-31.23877042,2.96613727,fish,fish_piscivore,GC,L.cyanellus,3.5,120,1,GC_L.cyanellus_120_1,0.9782,4367,14.10054326,45.18285484,4923,,-30.23877042,11.46613727
-28.2153218,0.824830265,fish,fish_piscivore,GC,L.cyanellus,3.5,120,1,GC_L.cyanellus_120_1,1.0247,3791,11.77894602,41.54313099,4753,,-27.2153218,9.324830265
-27.49062699,7.321762,fish,fish_piscivore,SFC,L.cyanellus,3.5,80,1,SFC_L.cyanellus_80_1,0.9943,2706,9.529491666,32.0619488,3381,,-26.49062699,15.821762
-32.19939769,7.45275802,Aquatic primary producer,aquatic_primary_producer,GC,aquatic vegetation,1,NA,1,GC_aquatic vegetation_NA_1,3.7078,2796,2.540079779,29.82372745,11498,,-32.19939769,7.45275802
-32.48591634,7.249774669,Aquatic primary producer,aquatic_primary_producer,GC,aquatic vegetation,1,NA,2,GC_aquatic vegetation_NA_2,3.861,2598,2.288451476,29.10014702,11588,,-32.48591634,7.249774669
-31.22830414,6.576563556,Aquatic primary producer,aquatic_primary_producer,GC,aquatic vegetation,1,NA,3,GC_aquatic vegetation_NA_3,3.8149,2991,2.653327387,32.24121157,12471,,-31.22830414,6.576563556
-32.03556993,2.836897949,invertebrate,invertebrate_grazer,GC,Corbiculidae,2,NA,3,GC_Corbiculidae_NA_3,1.1019,3096,10.04263409,38.7200131,4789,,-31.63556993,6.236897949
-26.54290531,7.6546655,invertebrate,invertebrate_grazer,SFC,Corbiculidae,2,NA,1,SFC_Corbiculidae_NA_1,1.1509,3954,11.854188,45.96233074,5486,,-26.14290531,11.0546655
-26.79940371,6.82263433,invertebrate,invertebrate_grazer,SFC,Corbiculidae,2,NA,2,SFC_Corbiculidae_NA_2,1.1328,3517,10.74054986,42.60882976,5033,,-26.39940371,10.22263433
-26.56544282,7.66370932,invertebrate,invertebrate_grazer,SFC,Corbiculidae,2,NA,3,SFC_Corbiculidae_NA_3,1.0894,3664,11.61983827,44.4793819,5049,,-26.16544282,11.06370932
-27.03229138,7.49087193,invertebrate,invertebrate_grazer,SFC,Corbiculidae,2,NA,4,SFC_Corbiculidae_NA_4,0.8984,2751,10.64989766,43.83858362,4171,,-26.63229138,10.89087193
-28.31756121,13.27060992,invertebrate,invertebrate_grazer,AR,Corduliidae,2,NA,5,AR_Corduliidae_NA_5,1.0245,3123,9.874782818,38.37279072,4705,,-27.91756121,16.67060992
-32.17882925,5.619503884,invertebrate,invertebrate_grazer,GC,Corduliidae,2,NA,4,GC_Corduliidae_NA_4,1.0268,2799,9.783107683,37.12804784,4295,,-31.77882925,9.019503884
-27.94774384,9.84025464,invertebrate,invertebrate_grazer,SFC,Corduliidae,2,NA,5,SFC_Corduliidae_NA_5,1.0085,2962,10.16205355,42.90662488,4559,,-27.54774384,13.24025464
-28.43467426,7.21701805,invertebrate,invertebrate_predator,AR,Corydalidae,3,NA,6,AR_Corydalidae_NA_6,1.0422,2783,9.431299318,37.37190033,3995,,-27.63467426,14.01701805
-28.49512091,1.792684585,organic material,organic_material,GC,CPOM,1,NA,1,GC_CPOM_NA_1,3.6849,1071,0.979296916,41.84172232,14900,,-28.49512091,1.792684585
-27.7675682,0.988911316,organic material,organic_material,GC,CPOM,1,NA,2,GC_CPOM_NA_2,3.6127,1457,1.358669926,39.74112338,14095,,-27.7675682,0.988911316
-28.79698877,2.043608727,organic material,organic_material,GC,CPOM,1,NA,3,GC_CPOM_NA_3,3.6932,1324,1.203498615,41.13829802,14734,,-28.79698877,2.043608727
-26.38084983,11.99569773,invertebrate,invertebrate_grazer,AR,Dogielinotidae,2,NA,1,AR_Dogielinotidae_NA_1,1.0831,2030,6.667036387,29.02728848,3256,,-25.98084983,15.39569773
-33.25119485,5.094403694,invertebrate,invertebrate_grazer,GC,Dogielinotidae,2,NA,1,GC_Dogielinotidae_NA_1,0.9143,2118,7.439268702,32.98843727,3409,,-32.85119485,8.494403694
-26.25290685,0.449774669,invertebrate,invertebrate_predator,GC,Dystiscidae,3,NA,1,GC_Dystiscidae_NA_1,1.0111,2769,9.824397237,44.608656,5018,,-25.45290685,7.249774669
-24.06814412,5.1572751,fish,fish_piscivore,SFC,L.cyanellus,3.5,80,2,SFC_L.cyanellus_80_2,1.1384,4340,13.14511252,42.54978835,5078,,-23.06814412,13.6572751
-39.43910991,5.370903653,Aquatic primary producer,aquatic_primary_producer,GC,Filamentous Algae,1,NA,1,GC_Filamentous Algae_NA_1,3.4456,2175,2.247060212,20.91313575,7752,,-39.43910991,5.370903653
-30.82308491,2.926943309,Aquatic primary producer,aquatic_primary_producer,GC,Filamentous Algae,1,NA,2,GC_Filamentous Algae_NA_2,3.9857,885,0.812224866,7.389439657,3335,,-30.82308491,2.926943309
-40.62202261,4.511029459,Aquatic primary producer,aquatic_primary_producer,GC,Filamentous Algae,1,NA,3,GC_Filamentous Algae_NA_3,3.409,2997,3.004278528,29.22841807,10500,,-40.62202261,4.511029459
-38.6102524,6.22057768,Aquatic primary producer,aquatic_primary_producer,GC,Filamentous Algae,1,NA,4,GC_Filamentous Algae_NA_4,3.9243,2673,2.359969517,18.86231215,8111,,-38.6102524,6.22057768
-37.11012263,5.640188099,Aquatic primary producer,aquatic_primary_producer,GC,Filamentous Algae,1,NA,5,GC_Filamentous Algae_NA_5,3.4064,2265,2.31422623,17.9595395,6808,,-37.11012263,5.640188099
-40.30275897,4.187684121,Aquatic primary producer,aquatic_primary_producer,GC,Filamentous Algae,1,NA,6,GC_Filamentous Algae_NA_6,3.5236,2462,2.458035261,22.59947861,8497,,-40.30275897,4.187684121
-29.17773053,9.376415837,organic material,organic_material,GC,FPOM,1,NA,1,GC_FPOM_NA_1,3.7976,1749,1.469964966,13.35557981,5568,,-29.17773053,9.376415837
-29.19318257,10.36058764,organic material,organic_material,GC,FPOM,1,NA,2,GC_FPOM_NA_2,3.813,2393,1.991444835,15.44033451,6424,,-29.19318257,10.36058764
-29.45483706,11.16269273,organic material,organic_material,GC,FPOM,1,NA,3,GC_FPOM_NA_3,3.75,2966,2.498671531,18.01791282,7298,,-29.45483706,11.16269273
-31.57007995,0.934850424,Terrestrial primary producer,terrestrial_primary_producer,GC,grass,1,NA,1,GC_grass_NA_1,3.7725,1657,1.47218304,37.37211688,13931,,-31.57007995,0.934850424
-30.60307952,1.225555222,Terrestrial primary producer,terrestrial_primary_producer,GC,grass,1,NA,2,GC_grass_NA_2,3.0199,1316,1.484973656,33.87586974,10793,,-30.60307952,1.225555222
-31.7365879,5.0341244,Terrestrial primary producer,terrestrial_primary_producer,GC,grass,1,NA,3,GC_grass_NA_3,3.1324,1251,1.236080487,39.79241909,12390,,-31.7365879,5.0341244
-38.84823004,-2.0440331,invertebrate,invertebrate_predator,GC,Dystiscidae,3,NA,2,GC_Dystiscidae_NA_2,0.9949,3068,9.838994978,46.97326847,5159,,-38.04823004,4.7559669
-26.11905813,3.28319522,fish,fish_piscivore,SFC,L.cyanellus,3.5,80,3,SFC_L.cyanellus_80_3,0.9657,3351,12.00426465,42.34098081,4335,,-25.11905813,11.78319522
-26.46248695,8.38591782,fish,fish_piscivore,SFC,L.cyanellus,3.5,120,1,SFC_L.cyanellus_120_1,1.1856,3076,9.054143115,28.24306317,3555,,-25.46248695,16.88591782
-27.64855228,10.33846728,fish,fish_invertivore,AR,L.gulosus,3.4,80,1,AR_L.gulosus_80_1,0.9783,3652,11.98059947,37.9176751,4466,,-26.68855228,18.49846728
-26.73798257,9.64731189,fish,fish_invertivore,AR,L.gulosus,3.4,160,1,AR_L.gulosus_160_1,1.0958,4682,13.63105485,41.94385324,5488,,-25.77798257,17.80731189
-30.42513842,0.904879438,fish,fish_invertivore,GC,L.gulosus,3.4,80,1,GC_L.gulosus_80_1,1.1275,3659,10.25160946,33.12927871,4200,,-29.46513842,9.064879438
-30.35611932,1.242714365,fish,fish_invertivore,GC,L.gulosus,3.4,80,2,GC_L.gulosus_80_2,1.1281,4706,13.12816016,42.71451037,5349,,-29.39611932,9.402714365
-29.504197,1.400505528,fish,fish_invertivore,GC,L.gulosus,3.4,80,3,GC_L.gulosus_80_3,1.1266,4164,11.68050575,37.68541202,4743,,-28.544197,9.560505528
-29.54643257,1.661467837,fish,fish_invertivore,GC,L.gulosus,3.4,120,1,GC_L.gulosus_120_1,1.0777,4477,13.0489355,41.63345396,5018,,-28.58643257,9.821467837
-29.1560111,1.31250661,fish,fish_invertivore,GC,L.gulosus,3.4,120,2,GC_L.gulosus_120_2,1.1335,4694,13.03837972,41.58839669,5243,,-28.1960111,9.47250661
-26.24755289,7.62257213,fish,fish_invertivore,SFC,L.gulosus,3.4,80,1,SFC_L.gulosus_80_1,1.1751,3315,9.803007783,32.39597135,4025,,-25.28755289,15.78257213
-26.61995852,8.41742317,fish,fish_invertivore,SFC,L.gulosus,3.4,80,2,SFC_L.gulosus_80_2,1.185,4111,12.01700389,38.63057667,4783,,-25.65995852,16.57742317
-26.89040872,3.79201314,fish,fish_invertivore,SFC,L.gulosus,3.4,80,3,SFC_L.gulosus_80_3,1.1503,4059,12.15145103,39.09943277,4737,,-25.93040872,11.95201314
-25.61212823,8.93282215,fish,fish_invertivore,AR,L.macrochirus,3.2,80,1,AR_L.macrochirus_80_1,0.946,3218,10.99943915,34.82986831,3973,,-24.73212823,16.41282215
-27.37395052,11.60102704,fish,fish_invertivore,AR,L.macrochirus,3.2,80,2,AR_L.macrochirus_80_2,1.1902,4386,11.82856216,38.58412872,5469,,-26.49395052,19.08102704
-25.02624167,6.82281913,fish,fish_invertivore,AR,L.macrochirus,3.2,80,3,AR_L.macrochirus_80_3,0.8869,3146,11.49267594,35.70320398,3835,,-24.14624167,14.30281913
-25.98364067,8.07725094,fish,fish_invertivore,AR,L.macrochirus,3.2,160,1,AR_L.macrochirus_160_1,1.1955,4314,11.61881476,37.43745113,5335,,-25.10364067,15.55725094
-25.38006304,9.23729589,fish,fish_invertivore,AR,L.macrochirus,3.2,120,1,AR_L.macrochirus_120_1,1.2503,5254,13.34394906,41.86363054,6188,,-24.50006304,16.71729589
-26.0086163,8.88715109,fish,fish_invertivore,AR,L.macrochirus,3.2,12,2,AR_L.macrochirus_12_2,0.9625,3810,12.75453606,40.22981435,4660,,-25.1286163,16.36715109
-26.8723567,9.40374154,fish,fish_invertivore,AR,L.macrochirus,3.2,12,3,AR_L.macrochirus_12_3,0.9501,4037,13.69619392,43.54618703,4960,,-25.9923567,16.88374154
-29.82182943,1.734578747,fish,fish_invertivore,GC,L.macrochirus,3.2,80,1,GC_L.macrochirus_80_1,0.9157,3742,12.97861139,41.52312011,4265,,-28.94182943,9.214578747
-27.67399625,9.51894281,fish,fish_invertivore,GC,L.macrochirus,3.2,80,2,GC_L.macrochirus_80_2,0.9827,3328,10.70166503,34.62927054,3854,,-26.79399625,16.99894281
-29.006992,2.073425155,fish,fish_invertivore,GC,L.macrochirus,3.2,80,3,GC_L.macrochirus_80_3,0.974,4127,13.3775725,42.72383615,4661,,-28.126992,9.553425155
-29.87539649,3.58660195,fish,fish_invertivore,GC,L.macrochirus,3.2,80,4,GC_L.macrochirus_80_4,1.109,4617,13.16458817,41.89533624,5175,,-28.99539649,11.06660195
-29.94853613,2.69750944,fish,fish_invertivore,GC,L.macrochirus,3.2,80,5,GC_L.macrochirus_80_5,0.9153,3606,12.5260951,40.15105182,4127,,-29.06853613,10.17750944
-26.68506587,1.316836757,fish,fish_invertivore,GC,L.macrochirus,3.2,120,1,GC_L.macrochirus_120_1,0.9251,3926,13.42589859,42.3480653,4391,,-25.80506587,8.796836757
-27.49372248,1.656694647,fish,fish_invertivore,GC,L.macrochirus,3.2,120,2,GC_L.macrochirus_120_2,0.9401,4071,13.66405272,44.55599399,4686,,-26.61372248,9.136694647
-25.77751621,11.62383647,fish,fish_invertivore,GC,L.macrochirus,3.2,120,1,GC_L.macrochirus_120_1,0.9369,4188,14.17165726,44.89517899,4683,,-24.89751621,19.10383647
-24.73910363,8.27946015,fish,fish_invertivore,SFC,L.macrochirus,3.2,80,1,SFC_L.macrochirus_80_1,0.8965,3032,11.7922162,39.74968879,3771,,-23.85910363,15.75946015
-27.75269156,7.83932772,fish,fish_invertivore,SFC,L.macrochirus,3.2,80,2,SFC_L.macrochirus_80_2,0.8305,2726,11.48540138,37.87233929,3364,,-26.87269156,15.31932772
-26.76211404,5.49999368,fish,fish_invertivore,SFC,L.macrochirus,3.2,80,3,SFC_L.macrochirus_80_3,1.2165,3400,9.696247364,31.2214845,4039,,-25.88211404,12.97999368
-28.54765486,0.780293802,fish,fish_piscivore,GC,L.megalotis,3.6,80,1,GC_L.megalotis_80_1,1.0543,3738,12.67795925,39.06416076,4634,,-27.50765486,9.620293802
-32.31605171,2.771900749,Terrestrial primary producer,terrestrial_primary_producer,GC,leaf,1,NA,1,GC_leaf_NA_1,3.7806,1519,1.359127538,29.7372248,11678,,-32.31605171,2.771900749
-30.96532095,1.450978944,Terrestrial primary producer,terrestrial_primary_producer,GC,leaf,1,NA,2,GC_leaf_NA_2,3.5266,1535,1.46415189,40.40154807,14032,,-30.96532095,1.450978944
-32.11753522,4.920056211,Terrestrial primary producer,terrestrial_primary_producer,GC,leaf,1,NA,3,GC_leaf_NA_3,3.9999,3044,2.550201668,38.49911523,14880,,-32.11753522,4.920056211
-28.6066979,9.63425659,invertebrate,invertebrate_grazer,AR,Elmidae,2,NA,1,AR_Elmidae_NA_1,0.891,2619,10.40198914,45.46317433,4121,,-28.2066979,13.03425659
-30.00758282,0.73264331,fish,fish_piscivore,GC,L.megalotis,3.6,80,2,GC_L.megalotis_80_2,1.1044,3975,11.38469484,39.04667873,4818,,-28.96758282,9.57264331
-28.95131772,11.73200261,invertebrate,invertebrate_grazer,AR,Elmidae,2,NA,2,AR_Elmidae_NA_2,0.892,2629,9.532581047,44.62508116,4771,,-28.55131772,15.13200261
-29.65654471,11.35534244,Aquatic primary producer,aquatic_primary_producer,GC,periphyton,1,NA,1,GC_periphyton_NA_1,3.0664,1428,1.672073668,16.52735392,5615,,-29.65654471,11.35534244
-31.51686934,3.725616493,Aquatic primary producer,aquatic_primary_producer,GC,periphyton,1,NA,2,GC_periphyton_NA_2,3.3186,985,1.064999941,15.30053393,5669,,-31.51686934,3.725616493
-30.8128521,4.788474039,Aquatic primary producer,aquatic_primary_producer,GC,periphyton,1,NA,3,GC_periphyton_NA_3,3.4171,1198,1.257807947,12.03833931,4632,,-30.8128521,4.788474039
-30.78215367,9.754936024,Aquatic primary producer,aquatic_primary_producer,GC,periphyton,1,NA,4,GC_periphyton_NA_4,3.5805,638,0.658726292,5.823309335,2378,,-30.78215367,9.754936024
-30.4649366,3.937779995,Aquatic primary producer,aquatic_primary_producer,GC,periphyton,1,NA,5,GC_periphyton_NA_5,3.47,1385,1.424540748,16.6481024,6366,,-30.4649366,3.937779995
-30.80159601,4.159123649,Aquatic primary producer,aquatic_primary_producer,GC,periphyton,1,NA,6,GC_periphyton_NA_6,3.0498,1032,1.223044528,15.56149003,5284,,-30.80159601,4.159123649
-30.6885026,0.51011731,fish,fish_piscivore,GC,L.megalotis,3.6,80,3,GC_L.megalotis_80_3,0.9475,3739,12.66072882,42.5834777,4519,,-29.6485026,9.35011731
-30.71013545,0.987536728,fish,fish_piscivore,GC,L.megalotis,3.6,80,4,GC_L.megalotis_80_4,1.1353,4511,12.49631379,40.3678772,5113,,-29.67013545,9.827536728
-31.07909937,0.568925365,fish,fish_piscivore,GC,L.microlophus,3.5,120,1,GC_L.microlophus_120_1,0.9803,4342,14.01007912,43.96063997,4814,,-30.07909937,9.068925365
-28.40784389,9.41466561,invertebrate,invertebrate_predator,AR,Gomphidae,3,NA,1,AR_Gomphidae_NA_1,1.0076,3120,10.79827918,43.68140021,4551,,-27.60784389,16.21466561
-30.33426494,5.87551851,invertebrate,invertebrate_predator,AR,Gyrinidae,3,NA,1,AR_Gyrinidae_NA_1,1.2699,3544,9.79160994,46.2189617,5924,,-29.53426494,12.67551851
-32.25915802,18.66051571,Aquatic primary producer,aquatic_primary_producer,SFC,aquatic vegetation,1,NA,1,SFC_aquatic vegetation_NA_1,3.8523,4620,4.076073731,40.93115403,13776,,-32.25915802,18.66051571
-31.91680241,17.00047283,Aquatic primary producer,aquatic_primary_producer,SFC,aquatic vegetation,1,NA,2,SFC_aquatic vegetation_NA_2,3.1739,3366,3.640483933,33.63816873,10115,,-31.91680241,17.00047283
-32.11964006,18.25555368,Aquatic primary producer,aquatic_primary_producer,SFC,aquatic vegetation,1,NA,3,SFC_aquatic vegetation_NA_3,3.15,4027,4.373289695,41.21670872,11853,,-32.11964006,18.25555368
-29.42739821,-1.097264502,invertebrate,invertebrate_predator,GC,Gyrinidae,3,NA,1,GC_Gyrinidae_NA_1,1.0312,2787,9.332607532,48.41847821,5245,,-28.62739821,5.702735498
-29.82694344,12.55339978,invertebrate,invertebrate_grazer,AR,Hydropsychidae,2,NA,1,AR_Hydropsychidae_NA_1,0.9495,2585,9.602934312,46.15362365,4481,,-29.42694344,15.95339978
-26.69913994,12.70016498,Terrestrial primary producer,aquatic_primary_producer,SFC,Bryophite,1,NA,1,SFC_Bryophite_NA_1,3.1545,1262,1.424647474,8.815900633,2911,,-27.09913994,9.30016498
-30.78448053,-0.07437707,fish,fish_piscivore,GC,L.microlophus,3.5,120,1,GC_L.microlophus_120_1,1.1361,4628,12.85829345,39.81896209,5043,,-29.78448053,8.42562293
-30.4134325,11.90250791,invertebrate,invertebrate_grazer,AR,Leptophlebiidae,2,NA,1,AR_Leptophlebiidae_NA_1,1.0711,2793,8.4319078,42.28410306,5391,,-30.0134325,15.30250791
-35.63904967,0.975649738,invertebrate,invertebrate_grazer,GC,Leptophlebiidae,2,NA,1,GC_Leptophlebiidae_NA_1,0.9785,3360,10.87991928,43.14860872,4723,,-35.23904967,4.375649738
-27.37111812,8.29524202,invertebrate,invertebrate_predator,AR,Nepidae,3,NA,1,AR_Nepidae_NA_1,0.8635,2463,10.03974929,37.96071139,3417,,-26.57111812,15.09524202
-26.99656606,7.29037345,invertebrate,invertebrate_predator,AR,Nepidae,3,NA,2,AR_Nepidae_NA_2,0.9657,3173,11.52343562,45.4726691,4534,,-26.19656606,14.09037345
-24.20406044,7.83802683,invertebrate,invertebrate_predator,SFC,Nepidae,3,NA,1,SFC_Nepidae_NA_1,1.0332,3244,10.8958783,43.32986163,4658,,-23.40406044,14.63802683
-27.3410681,1.342556386,invertebrate,invertebrate_predator,SFC,Nepidae,3,NA,2,SFC_Nepidae_NA_2,1.2222,3599,10.15541606,43.43488415,5499,,-26.5410681,8.142556386
-28.64609763,-1.287184662,invertebrate,invertebrate_predator,SFC,Nepidae,3,NA,3,SFC_Nepidae_NA_3,0.8379,2489,10.33410622,44.56146523,3956,,-27.84609763,5.512815338
-26.06961746,14.7430084,invertebrate,invertebrate_grazer,AR,Palaemonidae,2,NA,1,AR_Palaemonidae_NA_1,0.9155,3285,12.63421699,42.37027166,4008,,-25.66961746,18.1430084
-26.89062699,15.4273239,invertebrate,invertebrate_grazer,AR,Palaemonidae,2,NA,2,AR_Palaemonidae_NA_2,1.0758,3805,12.30567372,43.1896681,4808,,-26.49062699,18.8273239
-27.47583843,12.11882132,organic material,organic_material,SFC,CPOM,1,NA,1,SFC_CPOM_NA_1,3.2662,3160,3.281995767,40.26645509,12042,,-27.47583843,12.11882132
-32.86552454,7.135678079,Aquatic primary producer,aquatic_primary_producer,SFC,Filamentous Algae,1,NA,1,SFC_Filamentous Algae_NA_1,3.7207,3641,3.359228096,22.70904548,8333,,-32.86552454,7.135678079
-21.78350567,11.7741514,Aquatic primary producer,aquatic_primary_producer,SFC,Filamentous Algae,1,NA,2,SFC_Filamentous Algae_NA_2,3.2882,3208,3.365285588,21.25807319,7041,,-21.78350567,11.7741514
-19.36769854,15.02088175,Aquatic primary producer,aquatic_primary_producer,SFC,Filamentous Algae,1,NA,3,SFC_Filamentous Algae_NA_3,3.6871,3328,3.110117992,20.39899643,7525,,-19.36769854,15.02088175
-25.88335619,9.061844993,organic material,organic_material,SFC,FPOM,1,NA,1,SFC_FPOM_NA_1,3.64,423,0.397275163,3.343209669,1380,,-25.88335619,9.061844993
-26.0677505,9.491724765,organic material,organic_material,SFC,FPOM,1,NA,2,SFC_FPOM_NA_2,3.355,910,0.889958227,8.069907441,3036,,-26.0677505,9.491724765
-25.78446315,8.967777184,organic material,organic_material,SFC,FPOM,1,NA,3,SFC_FPOM_NA_3,3.5074,773,0.728474672,7.247558229,2862,,-25.78446315,8.967777184
-15.00615248,13.17192358,Terrestrial primary producer,terrestrial_primary_producer,SFC,grass,1,NA,1,SFC_grass_NA_1,3.3882,2225,2.23233329,40.22235158,12339,blades of grass,-15.00615248,13.17192358
-28.21313719,15.54240854,Terrestrial primary producer,terrestrial_primary_producer,SFC,grass,1,NA,1,SFC_grass_NA_2,3.6317,2062,1.931660613,42.65156174,13445,seed of grass,-28.21313719,15.54240854
-27.69277342,1.09080962,fish,fish_piscivore,GC,L.oculatus,4,400,1,GC_L.oculatus_400_1,0.8957,3446,13.31823203,42.3784952,4045,,-26.49277342,11.29080962
-27.19480163,3.65020987,fish,fish_piscivore,GC,L.oculatus,4,580,1,GC_L.oculatus_580_1,0.852,3345,13.58920954,42.33538005,3860,,-25.99480163,13.85020987
-24.24346017,8.49769585,fish,fish_piscivore,SFC,L.oculatus,4,120,1,SFC_L.oculatus_120_1,0.9961,3871,13.3791194,45.30301941,4752,,-23.04346017,18.69769585
-24.48600678,7.47373478,fish,fish_piscivore,SFC,L.oculatus,4,400,1,SFC_L.oculatus_400_1,1.0418,3933,13.0340446,42.02777753,4631,,-23.28600678,17.67373478
-27.99899143,12.9193724,fish,fish_piscivore,AR,M.salmoides,3.8,120,1,AR_M.salmoides_120_1,1.1908,5160,13.80675864,43.4040507,6155,,-26.87899143,22.4393724
-27.48907239,12.73668816,fish,fish_piscivore,AR,M.salmoides,3.8,120,2,AR_M.salmoides_120_2,1.05,4458,13.62294517,42.86033424,5373,,-26.36907239,22.25668816
-27.42975528,12.13383015,fish,fish_piscivore,AR,M.salmoides,3.8,120,3,AR_M.salmoides_120_3,0.8089,1810,7.374398677,22.84332506,2258,,-26.30975528,21.65383015
-30.74686975,0.58872867,fish,fish_piscivore,GC,M.salmoides,3.8,80,2,GC_M.salmoides_80_2,0.9701,3847,12.58069836,42.36859822,4591,,-29.62686975,10.10872867
-26.77011304,16.12352887,fish,fish_herbivore,AR,P.latipinna,2,40,7,AR_P.latipinna_40_7,1.2139,4103,10.76709012,37.54903024,5456,,-26.37011304,19.52352887
-24.76165644,12.84536159,fish,fish_herbivore,AR,P.latipinna,2,40,8,AR_P.latipinna_40_8,1.1014,4013,11.66593609,37.97425639,5021,,-24.36165644,16.24536159
-24.4328107,13.10517919,fish,fish_herbivore,AR,P.latipinna,2,40,9,AR_P.latipinna_40_9,1.0433,4046,12.4795332,40.30526825,5047,,-24.0328107,16.50517919
-28.11802808,6.424502282,fish,fish_herbivore,GC,P.latipinna,2,40,1,GC_P.latipinna_40_1,1.0754,4426,12.98112467,42.53001818,5092,,-27.71802808,9.824502282
-27.44328912,6.235355182,fish,fish_herbivore,GC,P.latipinna,2,40,2,GC_P.latipinna_40_2,1.17,4100,11.06812639,36.80030877,4812,,-27.04328912,9.635355182
-26.7438269,9.80892044,fish,fish_herbivore,GC,P.latipinna,2,40,4,GC_P.latipinna_40_4,1.1412,4361,12.04143887,43.12668681,5471,,-26.3438269,13.20892044
-26.05888531,9.32576194,fish,fish_herbivore,SFC,P.latipinna,2,40,1,SFC_P.latipinna_40_1,1.1495,3205,9.653538553,36.01125706,4366,,-25.65888531,12.72576194
-32.82259593,13.20508424,Terrestrial primary producer,terrestrial_primary_producer,SFC,leaf,1,NA,1,SFC_leaf_NA_1,3.2725,3546,3.674383553,38.46836945,11702,,-32.82259593,13.20508424
-29.26596118,11.21343474,Terrestrial primary producer,terrestrial_primary_producer,SFC,leaf,1,NA,2,SFC_leaf_NA_2,3.4173,2276,2.28631568,36.09879248,11455,,-29.26596118,11.21343474
-30.71372831,15.8730103,Terrestrial primary producer,terrestrial_primary_producer,SFC,leaf,1,NA,3,SFC_leaf_NA_3,3.2469,2573,2.778540505,48.06377193,13643,,-30.71372831,15.8730103
-29.82323666,5.973449727,invertebrate,invertebrate_grazer,GC,Palaemonidae,2,NA,3,GC_Palaemonidae_NA_3,1.0822,3360,11.07212992,37.54638509,4579,,-29.42323666,9.373449727
-25.87429232,14.40235795,invertebrate,invertebrate_grazer,AR,Thiaridae,2,NA,1,AR_Thiaridae_NA_1,0.9234,2447,9.346296976,39.79550232,3800,,-25.47429232,17.80235795
-25.58345103,9.51166262,invertebrate,invertebrate_grazer,SFC,Thiaridae,2,NA,1,SFC_Thiaridae_NA_1,0.9537,1433,5.33827851,22.39514201,2280,,-25.18345103,12.91166262
-25.76804402,10.84210861,fish,fish_herbivore,SFC,P.latipinna,2,40,2,SFC_P.latipinna_40_2,0.8208,2174,9.277711185,35.25336652,3103,,-25.36804402,14.24210861
-25.82385121,10.31053313,fish,fish_herbivore,SFC,P.latipinna,2,80,1,SFC_P.latipinna_80_1,0.8945,3185,12.40455392,39.61293385,3751,,-25.42385121,13.71053313
-24.7839058,12.76743679,fish,fish_herbivore,SFC,P.latipinna,2,80,2,SFC_P.latipinna_80_2,1.2377,4083,11.38558095,37.42244993,4859,,-24.3839058,16.16743679
-27.52811675,9.47649222,fish,fish_herbivore,SFC,P.latipinna,2,80,3,SFC_P.latipinna_80_3,1.2101,2332,6.733388845,29.76870011,3807,,-27.12811675,12.87649222
-24.72595219,10.0653452,fish,fish_herbivore,SFC,P.latipinna,2,40,1,SFC_P.latipinna_40_1,0.9328,2073,7.821557242,29.49626063,2918,,-24.32595219,13.4653452
-24.42468797,11.6495477,Aquatic primary producer,aquatic_primary_producer,SFC,periphyton,1,NA,1,SFC_periphyton_NA_1,3.5862,552,0.55733606,6.045767792,2280,,-24.42468797,11.6495477
-23.77002678,12.26854674,Aquatic primary producer,aquatic_primary_producer,SFC,periphyton,1,NA,2,SFC_periphyton_NA_2,3.7874,371,0.361471792,3.509804087,1413,,-23.77002678,12.26854674
-25.51507449,12.21126923,Aquatic primary producer,aquatic_primary_producer,SFC,periphyton,1,NA,3,SFC_periphyton_NA_3,3.9664,1128,1.010320815,7.853914426,3259,,-25.51507449,12.21126923
-24.6897721,9.708141619,Aquatic primary producer,aquatic_primary_producer,SFC,periphyton,1,NA,4,SFC_periphyton_NA_4,3.0692,462,0.542531846,9.401069298,3082,,-24.6897721,9.708141619
-22.00244155,12.24945423,Aquatic primary producer,aquatic_primary_producer,SFC,periphyton,1,NA,5,SFC_periphyton_NA_5,3.5233,667,0.684437471,5.607546034,2109,,-22.00244155,12.24945423
-24.60820775,11.63849414,Aquatic primary producer,aquatic_primary_producer,SFC,periphyton,1,NA,6,SFC_periphyton_NA_6,3.6833,430,0.42477821,3.498851408,1391,,-24.60820775,11.63849414
-23.25381033,10.40351067,Aquatic primary producer,aquatic_primary_producer,SFC,periphyton,1,NA,7,SFC_periphyton_NA_7,3.051,578,0.684896917,6.659429385,2177,,-23.25381033,10.40351067
-25.68464247,11.99421762,Aquatic primary producer,aquatic_primary_producer,SFC,periphyton,1,NA,8,SFC_periphyton_NA_8,3.9435,942,0.838930542,9.027310504,3782,,-25.68464247,11.99421762
-25.40959019,8.62436367,fish,fish_herbivore,SFC,P.latipinna,2,40,2,SFC_P.latipinna_40_2,1.078,3020,9.745777824,32.69495104,3733,,-25.00959019,12.02436367
-27.50260086,11.1047089,fish,fish_piscivore,AR,P.olivaris,3.8,160,1,AR_P.olivaris_160_1,0.9443,2371,8.218827619,25.6490011,2949,,-26.38260086,20.6247089
-28.97159102,12.42879608,invertebrate,invertebrate_predator,AR,Veliidae,2,NA,1,AR_Veliidae_NA_1,1.0542,3086,10.32694408,46.81749728,5031,,-28.57159102,15.82879608
