site,trophic_category,species,trophic_level_fbase,size_max,guild,carbon,hydrogen,nitrogen,hydrogen_water,W,W_sd,W_compound,hydrogen_raw,kingdom
Semi-Arid,I-Predator,Aeshnidae,3,NA,Invertebrate,-27.7301904,-90.14998583453557,17.12105706,7.36,0.173,0.122,0.4343917913771157,-86.95286225,Animal
Semi-Arid,I-Gatherer,Annelidae,2,NA,Invertebrate,-25.37448331,-86.3566824115666,13.33672203,7.36,0.173,0.122,0.31607229912589563,-84.03039029,Animal
Semi-Arid,I-Predator,Belostomatidae,3,NA,Invertebrate,-22.14732558,-132.46586718453557,9.090147448,7.36,0.173,0.122,0.4343917913771157,-129.2687436,Animal
Semi-Arid,I-Predator,Belostomatidae,3,NA,Invertebrate,-22.57875804,-104.82308008453558,7.96469465,7.36,0.173,0.122,0.4343917913771157,-101.6259565,Animal
Semi-Arid,F-Invertivore,C.lutrensis,2.82,80,Fish,-25.38521547,-96.37616057155368,14.00294989,7.36,0.173,0.122,0.4147186143415337,-93.32383157,Animal
Semi-Arid,I-Gatherer,Chironomidae,2,NA,Invertebrate,-25.89821227,-92.4472953315666,14.02304726,7.36,0.173,0.122,0.31607229912589563,-90.12100321,Animal
Semi-Arid,I-Predator,Coenagrionidae,3,NA,Invertebrate,-25.75010859,-100.25694889453557,13.31361005,7.36,0.173,0.122,0.4343917913771157,-97.05982531,Animal
Semi-Arid,I-Predator,Coenagrionidae,3,NA,Invertebrate,-26.71385573,-78.32984397453558,14.04213976,7.36,0.173,0.122,0.4343917913771157,-75.13272039,Animal
Semi-Arid,I-Filterer,Corbiculidae,2,NA,Invertebrate,-26.14290531,-95.6153618215666,11.0546655,7.36,0.173,0.122,0.31607229912589563,-93.2890697,Animal
Semi-Arid,I-Filterer,Corbiculidae,2,NA,Invertebrate,-26.39940371,-97.9124799515666,10.22263433,7.36,0.173,0.122,0.31607229912589563,-95.58618783,Animal
Semi-Arid,I-Filterer,Corbiculidae,2,NA,Invertebrate,-26.16544282,-92.2505690815666,11.06370932,7.36,0.173,0.122,0.31607229912589563,-89.92427696,Animal
Semi-Arid,I-Filterer,Corbiculidae,2,NA,Invertebrate,-26.63229138,-98.1651144715666,10.89087193,7.36,0.173,0.122,0.31607229912589563,-95.83882235,Animal
Semi-Arid,I-Predator,Corduliidae,2,NA,Invertebrate,-27.54774384,-94.5555822015666,13.24025464,7.36,0.173,0.122,0.31607229912589563,-92.22929008,Animal
Semi-Arid,I-NA,Filamentous Algae,1,NA,Aquatic,-32.86552454,-138.5450093617492,7.135678079,7.36,0.173,0.122,0.17300157088983747,-137.2717178,Plant
Semi-Arid,I-NA,Filamentous Algae,1,NA,Aquatic,-21.78350567,-131.0589617617492,11.7741514,7.36,0.173,0.122,0.17300157088983747,-129.7856702,Plant
Semi-Arid,I-NA,Filamentous Algae,1,NA,Aquatic,-19.36769854,-122.8765375617492,15.02088175,7.36,0.173,0.122,0.17300157088983747,-121.603246,Plant
Semi-Arid,I-NA,C3 grass,1,NA,Terrestrial,-28.21313719,-76.3271566117492,15.54240854,7.36,0.173,0.122,0.17300157088983747,-75.05386505,Plant
Semi-Arid,F-Invertivore,H.cyanoguttatus,2.9,180,Fish,-22.79984035,-96.58595852438991,16.12724205,7.36,0.173,0.122,0.42354534208196126,-93.46866480666668,Animal
Semi-Arid,F-Invertivore,H.cyanoguttatus,2.9,200,Fish,-24.53451365,-86.06026540772322,15.46570357,7.36,0.173,0.122,0.42354534208196126,-82.94297169,Animal
Semi-Arid,F-Invertivore,H.cyanoguttatus,2.9,80,Fish,-24.68869888,-98.71226414772323,15.44091681,7.36,0.173,0.122,0.42354534208196126,-95.59497043,Animal
Semi-Arid,F-Invertivore,H.cyanoguttatus,2.9,80,Fish,-26.11500172,-104.98534601772323,14.82895185,7.36,0.173,0.122,0.42354534208196126,-101.8680523,Animal
Semi-Arid,F-Piscivore,L.cyanellus,3.5,120,Fish,-25.46248695,-102.81810049222507,16.88591782,7.36,0.173,0.122,0.4856384948675363,-99.24380117,Animal
Semi-Arid,F-Piscivore,L.cyanellus,3.5,80,Fish,-26.49062699,-113.69383642222508,15.821762,7.36,0.173,0.122,0.4856384948675363,-110.1195371,Animal
Semi-Arid,F-Piscivore,L.cyanellus,3.5,80,Fish,-23.06814412,-79.41207745222508,13.6572751,7.36,0.173,0.122,0.4856384948675363,-75.83777813,Animal
Semi-Arid,F-Piscivore,L.cyanellus,3.5,80,Fish,-25.11905813,-108.23256232222508,11.78319522,7.36,0.173,0.122,0.4856384948675363,-104.658263,Animal
Semi-Arid,F-Invertivore,L.gulosus,3.4,80,Fish,-25.28755289,-102.70080624827983,15.78257213,7.36,0.173,0.122,0.475774783733672,-99.19910384,Animal
Semi-Arid,F-Invertivore,L.gulosus,3.4,80,Fish,-25.65995852,-103.25490937827982,16.57742317,7.36,0.173,0.122,0.475774783733672,-99.75320697,Animal
Semi-Arid,F-Invertivore,L.gulosus,3.4,80,Fish,-25.93040872,-116.73223080827982,11.95201314,7.36,0.173,0.122,0.475774783733672,-113.2305284,Animal
Semi-Arid,F-Invertivore,L.macrochirus,3.2,80,Fish,-23.85910363,-107.19697309481673,15.75946015,7.36,0.173,0.122,0.45547627646966393,-103.8446677,Animal
Semi-Arid,F-Invertivore,L.macrochirus,3.2,80,Fish,-26.87269156,-111.89633199481672,15.31932772,7.36,0.173,0.122,0.45547627646966393,-108.5440266,Animal
Semi-Arid,F-Invertivore,L.macrochirus,3.2,80,Fish,-25.88211404,-100.46363888481673,12.97999368,7.36,0.173,0.122,0.45547627646966393,-97.11133349,Animal
Semi-Arid,F-Piscivore,L.oculatus,4,120,Fish,-23.04346017,-110.32088370441092,18.69769585,7.36,0.173,0.122,0.5322420114688746,-106.4035825,Animal
Semi-Arid,F-Piscivore,L.oculatus,4,400,Fish,-23.28600678,-107.40780190441092,17.67373478,7.36,0.173,0.122,0.5322420114688746,-103.4905007,Animal
Semi-Arid,I-NA,leaf,1,NA,Terrestrial,-32.82259593,-96.51360211174921,13.20508424,7.36,0.173,0.122,0.17300157088983747,-95.24031055,Plant
Semi-Arid,I-NA,leaf,1,NA,Terrestrial,-29.26596118,-99.4023321517492,11.21343474,7.36,0.173,0.122,0.17300157088983747,-98.12904059,Plant
Semi-Arid,I-NA,leaf,1,NA,Terrestrial,-30.71372831,-90.79622762174921,15.8730103,7.36,0.173,0.122,0.17300157088983747,-89.52293606,Plant
Semi-Arid,I-Predator,Nepidae,3,NA,Invertebrate,-23.40406044,-82.56713647453557,14.63802683,7.36,0.173,0.122,0.4343917913771157,-79.37001289,Animal
Semi-Arid,I-Predator,Nepidae,3,NA,Invertebrate,-26.5410681,-82.39230488453558,8.142556386,7.36,0.173,0.122,0.4343917913771157,-79.1951813,Animal
Semi-Arid,I-Predator,Nepidae,3,NA,Invertebrate,-27.84609763,-110.25554048453557,5.512815338,7.36,0.173,0.122,0.4343917913771157,-107.0584169,Animal
Semi-Arid,F-Herbivore,P.latipinna,2,40,Fish,-25.65888531,-136.41592832156658,12.72576194,7.36,0.173,0.122,0.31607229912589563,-134.0896362,Animal
Semi-Arid,F-Herbivore,P.latipinna,2,40,Fish,-25.65888531,-137.89205752156658,12.72576194,7.36,0.173,0.122,0.31607229912589563,-135.5657654,Animal
Semi-Arid,F-Herbivore,P.latipinna,2,40,Fish,-24.32595219,-136.41592832156658,13.4653452,7.36,0.173,0.122,0.31607229912589563,-134.0896362,Animal
Semi-Arid,F-Herbivore,P.latipinna,2,40,Fish,-24.32595219,-137.89205752156658,13.4653452,7.36,0.173,0.122,0.31607229912589563,-135.5657654,Animal
Semi-Arid,F-Herbivore,P.latipinna,2,40,Fish,-25.36804402,-134.3747358215666,14.24210861,7.36,0.173,0.122,0.31607229912589563,-132.0484437,Animal
Semi-Arid,F-Herbivore,P.latipinna,2,40,Fish,-25.36804402,-97.3179171415666,14.24210861,7.36,0.173,0.122,0.31607229912589563,-94.99162502,Animal
Semi-Arid,F-Herbivore,P.latipinna,2,40,Fish,-25.00959019,-134.3747358215666,12.02436367,7.36,0.173,0.122,0.31607229912589563,-132.0484437,Animal
Semi-Arid,F-Herbivore,P.latipinna,2,40,Fish,-25.00959019,-97.3179171415666,12.02436367,7.36,0.173,0.122,0.31607229912589563,-94.99162502,Animal
Semi-Arid,F-Herbivore,P.latipinna,2,80,Fish,-25.42385121,-122.1701696215666,13.71053313,7.36,0.173,0.122,0.31607229912589563,-119.8438775,Animal
Semi-Arid,F-Herbivore,P.latipinna,2,80,Fish,-24.3839058,-130.2885669215666,16.16743679,7.36,0.173,0.122,0.31607229912589563,-127.9622748,Animal
Semi-Arid,F-Herbivore,P.latipinna,2,80,Fish,-27.12811675,-115.90373952156659,12.87649222,7.36,0.173,0.122,0.31607229912589563,-113.5774474,Animal
Semi-Arid,I-NA,periphyton,1,NA,Aquatic,-24.42468797,-98.4956215617492,11.6495477,7.36,0.173,0.122,0.17300157088983747,-97.22233,Plant
Semi-Arid,I-NA,periphyton,1,NA,Aquatic,-23.77002678,-120.5030467617492,12.26854674,7.36,0.173,0.122,0.17300157088983747,-119.2297552,Plant
Semi-Arid,I-NA,periphyton,1,NA,Aquatic,-25.51507449,-114.4796768617492,12.21126923,7.36,0.173,0.122,0.17300157088983747,-113.2063853,Plant
Semi-Arid,I-NA,periphyton,1,NA,Aquatic,-24.6897721,-100.43467777174921,9.708141619,7.36,0.173,0.122,0.17300157088983747,-99.16138621,Plant
Semi-Arid,I-NA,periphyton,1,NA,Aquatic,-22.00244155,-111.64932104889206,12.24945423,7.36,0.173,0.122,0.17300157088983747,-110.37602948714286,Plant
Semi-Arid,I-NA,periphyton,1,NA,Aquatic,-24.60820775,-115.0491304617492,11.63849414,7.36,0.173,0.122,0.17300157088983747,-113.7758389,Plant
Semi-Arid,I-NA,periphyton,1,NA,Aquatic,-23.25381033,-113.6066343617492,10.40351067,7.36,0.173,0.122,0.17300157088983747,-112.3333428,Plant
Semi-Arid,I-NA,periphyton,1,NA,Aquatic,-25.68464247,-118.97645956174921,11.99421762,7.36,0.173,0.122,0.17300157088983747,-117.703168,Plant
Semi-Arid,I-Herbivore,Thiaridae,2,NA,Invertebrate,-25.18345103,-97.2238067115666,12.91166262,7.36,0.173,0.122,0.31607229912589563,-94.89751459,Animal
Transition,F-Invertivore,A.natalis,3.33,80,Fish,-27.17557699,-110.06058693555805,21.38792308,-17.17,0.173,0.122,0.46875785465590836,-118.1091593,Animal
Transition,F-Invertivore,A.natalis,3.33,80,Fish,-26.00796646,-79.29962967555805,17.54647938,-17.17,0.173,0.122,0.46875785465590836,-87.34820204,Animal
Transition,F-Invertivore,A.natalis,3.33,80,Fish,-26.38364151,-92.42318613555805,20.08985003,-17.17,0.173,0.122,0.46875785465590836,-100.47175850000001,Animal
Transition,I-Predator,Aeshnidae,3,NA,Invertebrate,-31.32331447,-87.79598921205493,11.61035782,-17.17,0.173,0.122,0.4343917913771157,-95.25449627,Animal
Transition,F-Invertivore,C.lutrensis,2.82,40,Fish,-26.06416162,-105.45362569175587,18.9155963,-17.17,0.173,0.122,0.4147186143415337,-112.5743443,Animal
Transition,F-Invertivore,C.lutrensis,2.82,40,Fish,-26.16094217,-116.58431849175587,16.79442924,-17.17,0.173,0.122,0.4147186143415337,-123.7050371,Animal
Transition,I-Predator,Coenagrionidae,3,NA,Invertebrate,-27.74481313,-87.90914680205492,17.69161186,-17.17,0.173,0.122,0.4343917913771157,-95.36765386,Animal
Transition,I-Predator,Coenagrionidae,3,NA,Invertebrate,-27.41700804,-89.50914204705492,19.835107,-17.17,0.173,0.122,0.4343917913771157,-96.967649105,Animal
Transition,I-Predator,Coenagrionidae,3,NA,Invertebrate,-28.4774315,-91.10913729205492,17.48456972,-17.17,0.173,0.122,0.4343917913771157,-98.56764435,Animal
Transition,I-Filterer,Corbiculidae,2,NA,Invertebrate,-27.62097565,-86.65542655400837,14.55350251,-17.17,0.173,0.122,0.31607229912589563,-92.08238793,Animal
Transition,I-Filterer,Corbiculidae,2,NA,Invertebrate,-25.85707206,-79.61357419400838,11.31999137,-17.17,0.173,0.122,0.31607229912589563,-85.04053557,Animal
Transition,I-Filterer,Corbiculidae,2,NA,Invertebrate,-25.3165297,-83.44303776400838,11.61638703,-17.17,0.173,0.122,0.31607229912589563,-88.86999914,Animal
Transition,I-Filterer,Corbiculidae,2,NA,Invertebrate,-26.10319635,-90.72779840400838,10.83861876,-17.17,0.173,0.122,0.31607229912589563,-96.15475978,Animal
Transition,I-Predator,Corduliidae,2,NA,Invertebrate,-27.91756121,-74.93468201400837,16.67060992,-17.17,0.173,0.122,0.31607229912589563,-80.36164339,Animal
Transition,I-Predator,Corydalidae,3,NA,Invertebrate,-27.63467426,-67.06932756205492,14.01701805,-17.17,0.173,0.122,0.4343917913771157,-74.52783462,Animal
Transition,I-Gatherer,Dogielinotidae,2,NA,Invertebrate,-25.98084983,-94.54183329400837,15.39569773,-17.17,0.173,0.122,0.31607229912589563,-99.96879467,Animal
Transition,I-Gatherer,Elmidae,2,NA,Invertebrate,-28.2066979,-75.31905803400838,13.03425659,-17.17,0.173,0.122,0.31607229912589563,-80.74601941,Animal
Transition,I-Gatherer,Elmidae,2,NA,Invertebrate,-28.55131772,-93.04078351400838,15.13200261,-17.17,0.173,0.122,0.31607229912589563,-98.46774489,Animal
Transition,I-NA,Filamentous Algae,1,NA,Aquatic,-29.54722081,-137.6600037278215,15.76429308,-17.17,0.173,0.122,0.17300157088983747,-140.6304407,Plant
Transition,I-NA,Filamentous Algae,1,NA,Aquatic,-20.87235335,-198.1916590278215,19.18556302,-17.17,0.173,0.122,0.17300157088983747,-201.162096,Plant
Transition,I-NA,Filamentous Algae,1,NA,Aquatic,-25.20978708,-184.8345005278215,17.47492805,-17.17,0.173,0.122,0.17300157088983747,-187.8049375,Plant
Transition,I-Predator,Gomphidae,3,NA,Invertebrate,-27.60784389,-85.26557787205493,16.21466561,-17.17,0.173,0.122,0.4343917913771157,-92.72408493,Animal
Transition,I-NA,C3 grass,1,NA,Terrestrial,-31.8304093,-93.0579191378215,12.88194167,-17.17,0.173,0.122,0.17300157088983747,-96.02835611,Plant
Transition,I-NA,C3 grass,1,NA,Terrestrial,-31.38084803,-85.1489614578215,13.99530065,-17.17,0.173,0.122,0.17300157088983747,-88.11939843,Plant
Transition,I-NA,C3 grass,1,NA,Terrestrial,-30.64614836,-97.4167279278215,8.583787355,-17.17,0.173,0.122,0.17300157088983747,-100.3871649,Plant
Transition,I-Predator,Gyrinidae,3,NA,Invertebrate,-29.53426494,-90.21837133205491,12.67551851,-17.17,0.173,0.122,0.4343917913771157,-97.67687839,Animal
Transition,F-Invertivore,H.cyanoguttatus,2.9,120,Fish,-26.01004777,-81.11825500645273,15.12185349,-17.17,0.173,0.122,0.42354534208196126,-88.39052853,Animal
Transition,F-Invertivore,H.cyanoguttatus,2.9,160,Fish,-26.55415962142857,-93.01920357645272,18.211102062857144,-17.17,0.173,0.122,0.42354534208196126,-100.2914771,Animal
Transition,F-Invertivore,H.cyanoguttatus,2.9,40,Fish,-26.73434092,-83.77287385645273,18.85470156,-17.17,0.173,0.122,0.42354534208196126,-91.04514738,Animal
Transition,F-Invertivore,H.cyanoguttatus,2.9,40,Fish,-27.30253642,-101.67436617645274,19.66561662,-17.17,0.173,0.122,0.42354534208196126,-108.9466397,Animal
Transition,F-Invertivore,H.cyanoguttatus,2.9,80,Fish,-26.07873074,-104.40108107645273,19.93964299,-17.17,0.173,0.122,0.42354534208196126,-111.6733546,Animal
Transition,F-Invertivore,H.cyanoguttatus,2.9,80,Fish,-28.02370762,-92.59798868645274,18.89732788,-17.17,0.173,0.122,0.42354534208196126,-99.87026221,Animal
Transition,F-Invertivore,H.cyanoguttatus,2.9,80,Fish,-26.68022707,-105.36777727645273,19.21499548,-17.17,0.173,0.122,0.42354534208196126,-112.6400508,Animal
Transition,F-Invertivore,H.cyanoguttatus,2.9,NA,Fish,-25.04952681,-94.56450652216701,15.78357642,-17.17,0.173,0.122,0.42354534208196126,-101.83678004571428,Animal
Transition,I-Filterer,Hydropsychidae,2,NA,Invertebrate,-29.42694344,-116.01879752400838,15.95339978,-17.17,0.173,0.122,0.31607229912589563,-121.4457589,Animal
Transition,F-Piscivore,I.punctatus,4.2,80,Fish,-27.60640654,-102.25902131940413,19.79146577,-17.17,0.173,0.122,0.549678880640412,-111.6970077,Animal
Transition,F-Piscivore,I.punctatus,4.2,80,Fish,-27.330634,-103.51013961940413,20.08579038,-17.17,0.173,0.122,0.549678880640412,-112.948126,Animal
Transition,F-Piscivore,I.punctatus,4.2,80,Fish,-28.39522006,-98.22026761940413,19.25153233,-17.17,0.173,0.122,0.549678880640412,-107.658254,Animal
Transition,F-Piscivore,L.cyanellus,3.5,12,Fish,-24.81850227,-87.09756551979106,14.66108323,-17.17,0.173,0.122,0.4856384948675363,-95.43597847666666,Animal
Transition,F-Piscivore,L.cyanellus,3.5,12,Fish,-24.36269709,-87.09756551979106,15.96829049,-17.17,0.173,0.122,0.4856384948675363,-95.43597847666666,Animal
Transition,F-Piscivore,L.cyanellus,3.5,120,Fish,-25.360334603333335,-80.6706704131244,14.910582545,-17.17,0.173,0.122,0.4856384948675363,-89.00908337,Animal
Transition,F-Piscivore,L.cyanellus,3.5,120,Fish,-25.360334603333335,-73.83173362312439,14.910582545,-17.17,0.173,0.122,0.4856384948675363,-82.17014658,Animal
Transition,F-Piscivore,L.cyanellus,3.5,120,Fish,-25.360334603333335,-78.6249413531244,14.910582545,-17.17,0.173,0.122,0.4856384948675363,-86.96335431,Animal
Transition,F-Piscivore,L.cyanellus,3.5,80,Fish,-25.93720219,-97.9550511431244,16.33670372,-17.17,0.173,0.122,0.4856384948675363,-106.2934641,Animal
Transition,F-Piscivore,L.cyanellus,3.5,80,Fish,-25.1796082,-98.9966184431244,16.82284679,-17.17,0.173,0.122,0.4856384948675363,-107.3350314,Animal
Transition,F-Piscivore,L.cyanellus,3.5,80,Fish,-27.59391872,-92.5063781431244,15.45880443,-17.17,0.173,0.122,0.4856384948675363,-100.8447911,Animal
Transition,F-Invertivore,L.gulosus,3.4,120,Fish,-26.233267425,-84.03851103329285,18.152889585,-17.17,0.173,0.122,0.475774783733672,-92.20756407,Animal
Transition,F-Invertivore,L.gulosus,3.4,160,Fish,-25.77798257,-94.78365364829284,17.80731189,-17.17,0.173,0.122,0.475774783733672,-102.952706685,Animal
Transition,F-Invertivore,L.gulosus,3.4,80,Fish,-26.68855228,-105.52879626329285,18.49846728,-17.17,0.173,0.122,0.475774783733672,-113.6978493,Animal
Transition,F-Invertivore,L.macrochirus,3.2,12,Fish,-25.1286163,-93.21627078301587,16.36715109,-17.17,0.173,0.122,0.45547627646966393,-101.03679845,Animal
Transition,F-Invertivore,L.macrochirus,3.2,12,Fish,-25.9923567,-93.21627078301587,16.88374154,-17.17,0.173,0.122,0.45547627646966393,-101.03679845,Animal
Transition,F-Invertivore,L.macrochirus,3.2,120,Fish,-24.50006304,-88.05502056301587,16.71729589,-17.17,0.173,0.122,0.45547627646966393,-95.87554823,Animal
Transition,F-Invertivore,L.macrochirus,3.2,120,Fish,-25.156713875714285,-88.48045675301587,16.474586825714287,-17.17,0.173,0.122,0.45547627646966393,-96.30098442,Animal
Transition,F-Invertivore,L.macrochirus,3.2,120,Fish,-25.156713875714285,-105.18899343301587,16.474586825714287,-17.17,0.173,0.122,0.45547627646966393,-113.0095211,Animal
Transition,F-Invertivore,L.macrochirus,3.2,160,Fish,-25.10364067,-91.04480952301587,15.55725094,-17.17,0.173,0.122,0.45547627646966393,-98.86533719,Animal
Transition,F-Invertivore,L.macrochirus,3.2,80,Fish,-24.73212823,-84.12407674301586,16.41282215,-17.17,0.173,0.122,0.45547627646966393,-91.94460441,Animal
Transition,F-Invertivore,L.macrochirus,3.2,80,Fish,-26.49395052,-91.46882463301587,19.08102704,-17.17,0.173,0.122,0.45547627646966393,-99.2893523,Animal
Transition,F-Invertivore,L.macrochirus,3.2,80,Fish,-24.14624167,-104.15171383301586,14.30281913,-17.17,0.173,0.122,0.45547627646966393,-111.9722415,Animal
Transition,I-NA,leaf,1,NA,Terrestrial,-32.20816565,-83.24548094782149,8.944081282,-17.17,0.173,0.122,0.17300157088983747,-86.21591792,Plant
Transition,I-NA,leaf,1,NA,Terrestrial,-31.86162883,-59.10571208782149,3.653342573,-17.17,0.173,0.122,0.17300157088983747,-62.07614906,Plant
Transition,I-NA,leaf,1,NA,Terrestrial,-30.67528659,-97.7569200278215,7.89973635,-17.17,0.173,0.122,0.17300157088983747,-100.727357,Plant
Transition,I-Gatherer,Leptophlebiidae,2,NA,Invertebrate,-30.0134325,-106.00880952400837,15.30250791,-17.17,0.173,0.122,0.31607229912589563,-111.4357709,Animal
Transition,F-Piscivore,M.salmoides,3.8,120,Fish,-26.87899143,-100.72330331745663,22.4393724,-17.17,0.173,0.122,0.5141299698627473,-109.5509149,Animal
Transition,F-Piscivore,M.salmoides,3.8,120,Fish,-26.36907239,-94.48037651745663,22.25668816,-17.17,0.173,0.122,0.5141299698627473,-103.3079881,Animal
Transition,F-Piscivore,M.salmoides,3.8,120,Fish,-26.30975528,-94.40253221745662,21.65383015,-17.17,0.173,0.122,0.5141299698627473,-103.2301438,Animal
Transition,I-Predator,Nepidae,3,NA,Invertebrate,-26.57111812,-77.10180328205493,15.09524202,-17.17,0.173,0.122,0.4343917913771157,-84.56031034,Animal
Transition,I-Predator,Nepidae,3,NA,Invertebrate,-26.19656606,-83.19300149205492,14.09037345,-17.17,0.173,0.122,0.4343917913771157,-90.65150855,Animal
Transition,F-Herbivore,P.latipinna,2,40,Fish,-26.37011304,-105.14357772400838,19.52352887,-17.17,0.173,0.122,0.31607229912589563,-110.5705391,Animal
Transition,F-Herbivore,P.latipinna,2,40,Fish,-24.36165644,-86.90671172400837,16.24536159,-17.17,0.173,0.122,0.31607229912589563,-92.3336731,Animal
Transition,F-Herbivore,P.latipinna,2,40,Fish,-24.0328107,-89.45658448400837,16.50517919,-17.17,0.173,0.122,0.31607229912589563,-94.88354586,Animal
Transition,F-Piscivore,P.olivaris,3.8,120,Fish,-26.38260086,-94.87335081745663,20.6247089,-17.17,0.173,0.122,0.5141299698627473,-103.7009624,Animal
Transition,F-Piscivore,P.olivaris,3.8,160,Fish,-26.38260086,-94.87335081745663,20.6247089,-17.17,0.173,0.122,0.5141299698627473,-103.7009624,Animal
Transition,I-Gatherer,Palaemonidae,2,NA,Invertebrate,-25.66961746,-87.04743588400838,18.1430084,-17.17,0.173,0.122,0.31607229912589563,-92.47439726,Animal
Transition,I-Gatherer,Palaemonidae,2,NA,Invertebrate,-26.49062699,-99.27453992400838,18.8273239,-17.17,0.173,0.122,0.31607229912589563,-104.7015013,Animal
Transition,I-NA,periphyton,1,NA,Aquatic,-11.79371325,-123.2720315278215,16.33467389,-17.17,0.173,0.122,0.17300157088983747,-126.2424685,Plant
Transition,I-NA,periphyton,1,NA,Aquatic,-18.05531085,-136.9910124278215,16.37933004,-17.17,0.173,0.122,0.17300157088983747,-139.9614494,Plant
Transition,I-NA,periphyton,1,NA,Aquatic,-24.69362414,-127.3388837278215,15.43038688,-17.17,0.173,0.122,0.17300157088983747,-130.3093207,Plant
Transition,I-NA,periphyton,1,NA,Aquatic,-15.87202487,-138.8622442278215,15.16650964,-17.17,0.173,0.122,0.17300157088983747,-141.8326812,Plant
Transition,I-NA,periphyton,1,NA,Aquatic,-18.37791269,-119.2819540278215,16.73759414,-17.17,0.173,0.122,0.17300157088983747,-122.252391,Plant
Transition,I-NA,periphyton,1,NA,Aquatic,-18.32483948,-129.1492251878215,16.38338969,-17.17,0.173,0.122,0.17300157088983747,-132.11966216,Plant
Transition,I-Herbivore,Thiaridae,2,NA,Invertebrate,-25.47429232,-128.18363872400838,17.80235795,-17.17,0.173,0.122,0.31607229912589563,-133.6106001,Animal
Transition,I-Predator,Veliidae,2,NA,Invertebrate,-28.57159102,-95.40582942400837,15.82879608,-17.17,0.173,0.122,0.31607229912589563,-100.8327908,Animal
Sub-Humid,F-Invertivore,A.natalis,3.33,120,Fish,-27.64076789,-86.92191941746938,10.58817105,-6.45,0.173,0.122,0.46875785465590836,-89.94540758,Animal
Sub-Humid,F-Invertivore,A.natalis,3.33,120,Fish,-27.64076789,-83.17917676746939,10.58817105,-6.45,0.173,0.122,0.46875785465590836,-86.20266493,Animal
Sub-Humid,F-Invertivore,A.natalis,3.33,120,Fish,-28.67112522,-78.36848808746939,9.069484709,-6.45,0.173,0.122,0.46875785465590836,-81.39197625,Animal
Sub-Humid,F-Invertivore,A.natalis,3.33,160,Fish,-28.21249327,-82.70964939946938,8.755366002,-6.45,0.173,0.122,0.46875785465590836,-85.733137562,Animal
Sub-Humid,F-Invertivore,A.natalis,3.33,160,Fish,-27.47903657,-77.2971351874694,8.886858638,-6.45,0.173,0.122,0.46875785465590836,-80.32062335,Animal
Sub-Humid,F-Invertivore,A.natalis,3.33,160,Fish,-28.04252086,-82.28800831746939,8.974857556,-6.45,0.173,0.122,0.46875785465590836,-85.31149648,Animal
Sub-Humid,F-Invertivore,A.natalis,3.33,160,Fish,-27.77777596,-82.12477856746939,8.839318993,-6.45,0.173,0.122,0.46875785465590836,-85.14826673,Animal
Sub-Humid,F-Invertivore,A.natalis,3.33,160,Fish,-27.83340329,-82.70964939946938,8.79885972,-6.45,0.173,0.122,0.46875785465590836,-85.733137562,Animal
Sub-Humid,F-Invertivore,A.natalis,3.33,160,Fish,-27.53878445,-69.66573239746938,8.960696811,-6.45,0.173,0.122,0.46875785465590836,-72.68922056,Animal
Sub-Humid,F-Invertivore,A.natalis,3.33,200,Fish,-27.13291093,-94.72397148746938,9.460368828,-6.45,0.173,0.122,0.46875785465590836,-97.74745965,Animal
Sub-Humid,F-Invertivore,A.natalis,3.33,200,Fish,-27.69742536,-84.30612152746939,8.552058157,-6.45,0.173,0.122,0.46875785465590836,-87.32960969,Animal
Sub-Humid,F-Invertivore,A.natalis,3.33,80,Fish,-29.07265668,-88.22116223746939,8.883824193,-6.45,0.173,0.122,0.46875785465590836,-91.2446504,Animal
Sub-Humid,I-Predator,Coenagrionidae,3,NA,Invertebrate,-32.1682148,-98.2100327456176,7.803561613,-6.45,0.173,0.122,0.4343917913771157,-101.0118598,Animal
Sub-Humid,I-Filterer,Corbiculidae,2,NA,Invertebrate,-32.90239165,-94.32006435063796,5.578987088,-6.45,0.173,0.122,0.31607229912589563,-96.35873068,Animal
Sub-Humid,I-Filterer,Corbiculidae,2,NA,Invertebrate,-32.29801192,-79.22191335063798,5.894895426,-6.45,0.173,0.122,0.31607229912589563,-81.26057968,Animal
Sub-Humid,I-Filterer,Corbiculidae,2,NA,Invertebrate,-31.63556993,-88.51926400063797,6.236897949,-6.45,0.173,0.122,0.31607229912589563,-90.55793033,Animal
Sub-Humid,I-Predator,Corduliidae,2,NA,Invertebrate,-31.77882925,-66.73955344063798,9.019503884,-6.45,0.173,0.122,0.31607229912589563,-68.77821977,Animal
Sub-Humid,I-Gatherer,Dogielinotidae,2,NA,Invertebrate,-32.85119485,-120.08261937063797,8.494403694,-6.45,0.173,0.122,0.31607229912589563,-122.1212857,Animal
Sub-Humid,I-Predator,Dytiscidae,3,NA,Invertebrate,-25.45290685,-102.0068238456176,7.249774669,-6.45,0.173,0.122,0.4343917913771157,-104.8086509,Animal
Sub-Humid,I-Predator,Dytiscidae,3,NA,Invertebrate,-38.04823004,-137.1767950456176,4.7559669,-6.45,0.173,0.122,0.4343917913771157,-139.9786221,Animal
Sub-Humid,F-Invertivore,E.gracile,3.2,80,Fish,-30.58363718,-83.24109514677068,8.631897485,-6.45,0.173,0.122,0.45547627646966393,-86.17891713,Animal
Sub-Humid,I-NA,Filamentous Algae,1,NA,Aquatic,-39.43910991,-145.87721416776054,5.370903653,-6.45,0.173,0.122,0.17300157088983747,-146.9930743,Plant
Sub-Humid,I-NA,Filamentous Algae,1,NA,Aquatic,-30.82308491,-142.97153496776056,2.926943309,-6.45,0.173,0.122,0.17300157088983747,-144.0873951,Plant
Sub-Humid,I-NA,Filamentous Algae,1,NA,Aquatic,-40.62202261,-135.51186346776055,4.511029459,-6.45,0.173,0.122,0.17300157088983747,-136.6277236,Plant
Sub-Humid,I-NA,Filamentous Algae,1,NA,Aquatic,-38.6102524,-141.05668446776056,6.22057768,-6.45,0.173,0.122,0.17300157088983747,-142.1725446,Plant
Sub-Humid,I-NA,Filamentous Algae,1,NA,Aquatic,-37.11012263,-172.58158796776056,5.640188099,-6.45,0.173,0.122,0.17300157088983747,-173.6974481,Plant
Sub-Humid,I-NA,Filamentous Algae,1,NA,Aquatic,-40.30275897,-147.59977700776057,4.187684121,-6.45,0.173,0.122,0.17300157088983747,-148.71563714,Plant
Sub-Humid,I-NA,C3 grass,1,NA,Terrestrial,-31.57007995,-67.80619395776056,0.934850424,-6.45,0.173,0.122,0.17300157088983747,-68.92205409,Plant
Sub-Humid,I-NA,C3 grass,1,NA,Terrestrial,-30.60307952,-101.60125406776055,1.2255552220000001,-6.45,0.173,0.122,0.17300157088983747,-102.7171142,Plant
Sub-Humid,I-NA,C3 grass,1,NA,Terrestrial,-31.7365879,-84.02416266776055,5.0341244,-6.45,0.173,0.122,0.17300157088983747,-85.1400228,Plant
Sub-Humid,I-Predator,Gyrinidae,3,NA,Invertebrate,-28.62739821,-108.9626551456176,5.702735498,-6.45,0.173,0.122,0.4343917913771157,-111.7644822,Animal
Sub-Humid,F-Invertivore,L.auritus,3.2,120,Fish,-26.79090584,-79.28163421677067,8.15252284,-6.45,0.173,0.122,0.45547627646966393,-82.2194562,Animal
Sub-Humid,F-Invertivore,L.auritus,3.2,120,Fish,-29.45071652,-96.00170944677068,9.448231046,-6.45,0.173,0.122,0.45547627646966393,-98.93953143,Animal
Sub-Humid,F-Invertivore,L.auritus,3.2,120,Fish,-25.98739991,-85.54181545677068,11.67652549,-6.45,0.173,0.122,0.45547627646966393,-88.47963744,Animal
Sub-Humid,F-Invertivore,L.auritus,3.2,160,Fish,-28.20219191142857,-84.38519256677067,9.759189456428572,-6.45,0.173,0.122,0.45547627646966393,-87.32301455,Animal
Sub-Humid,F-Invertivore,L.auritus,3.2,160,Fish,-27.05050007,-77.79911965677067,8.916191611,-6.45,0.173,0.122,0.45547627646966393,-80.73694164,Animal
Sub-Humid,F-Invertivore,L.auritus,3.2,80,Fish,-29.87513248,-89.09906975677067,9.479586983,-6.45,0.173,0.122,0.45547627646966393,-92.03689174,Animal
Sub-Humid,F-Invertivore,L.auritus,3.2,80,Fish,-29.53415752,-90.21199983677067,9.436093265,-6.45,0.173,0.122,0.45547627646966393,-93.14982182,Animal
Sub-Humid,F-Invertivore,L.auritus,3.2,80,Fish,-28.72653104,-71.90471218677067,11.20517496,-6.45,0.173,0.122,0.45547627646966393,-74.84253417,Animal
Sub-Humid,F-Piscivore,L.cyanellus,3.5,100,Fish,-28.727046110000003,-87.6420281681044,10.3954837675,-6.45,0.173,0.122,0.4856384948675363,-90.77439646,Animal
Sub-Humid,F-Piscivore,L.cyanellus,3.5,120,Fish,-27.2153218,-84.1158636581044,9.324830265,-6.45,0.173,0.122,0.4856384948675363,-87.24823195,Animal
Sub-Humid,F-Piscivore,L.cyanellus,3.5,120,Fish,-30.23877042,-84.1158636581044,11.46613727,-6.45,0.173,0.122,0.4856384948675363,-87.24823195,Animal
Sub-Humid,F-Piscivore,L.cyanellus,3.5,160,Fish,-28.727046110000003,-80.5896991481044,10.3954837675,-6.45,0.173,0.122,0.4856384948675363,-83.72206744,Animal
Sub-Humid,F-Invertivore,L.gulosus,3.4,120,Fish,-28.58643257,-77.11420242491782,9.821467837,-6.45,0.173,0.122,0.475774783733672,-80.18294978,Animal
Sub-Humid,F-Invertivore,L.gulosus,3.4,120,Fish,-28.1960111,-80.68712018491782,9.47250661,-6.45,0.173,0.122,0.475774783733672,-83.75586754,Animal
Sub-Humid,F-Invertivore,L.gulosus,3.4,80,Fish,-29.46513842,-81.48842984491782,9.064879438,-6.45,0.173,0.122,0.475774783733672,-84.5571772,Animal
Sub-Humid,F-Invertivore,L.gulosus,3.4,80,Fish,-29.39611932,-78.15458595491782,9.402714365,-6.45,0.173,0.122,0.475774783733672,-81.22333331,Animal
Sub-Humid,F-Invertivore,L.gulosus,3.4,80,Fish,-28.544197,-77.51320846491782,9.560505528,-6.45,0.173,0.122,0.475774783733672,-80.58195582,Animal
Sub-Humid,F-Invertivore,L.macrochirus,3.2,120,Fish,-24.89751621,-80.35885884677067,19.10383647,-6.45,0.173,0.122,0.45547627646966393,-83.29668083,Animal
Sub-Humid,F-Invertivore,L.macrochirus,3.2,120,Fish,-25.80506587,-80.35885884677067,8.796836757,-6.45,0.173,0.122,0.45547627646966393,-83.29668083,Animal
Sub-Humid,F-Invertivore,L.macrochirus,3.2,120,Fish,-26.61372248,-77.97306651121512,9.136694647,-6.45,0.173,0.122,0.45547627646966393,-80.91088849444445,Animal
Sub-Humid,F-Invertivore,L.macrochirus,3.2,160,Fish,-27.4053818575,-73.97476214677067,11.756053247,-6.45,0.173,0.122,0.45547627646966393,-76.91258413,Animal
Sub-Humid,F-Invertivore,L.macrochirus,3.2,160,Fish,-27.4053818575,-84.70505691677067,11.756053247,-6.45,0.173,0.122,0.45547627646966393,-87.6428789,Animal
Sub-Humid,F-Invertivore,L.macrochirus,3.2,80,Fish,-28.94182943,-77.03985402677067,9.214578747,-6.45,0.173,0.122,0.45547627646966393,-79.97767601,Animal
Sub-Humid,F-Invertivore,L.macrochirus,3.2,80,Fish,-26.79399625,-55.01455551677066,16.99894281,-6.45,0.173,0.122,0.45547627646966393,-57.9523775,Animal
Sub-Humid,F-Invertivore,L.macrochirus,3.2,80,Fish,-28.126992,-75.10418007677067,9.553425155,-6.45,0.173,0.122,0.45547627646966393,-78.04200206,Animal
Sub-Humid,F-Invertivore,L.macrochirus,3.2,80,Fish,-28.99539649,-84.84437927677067,11.06660195,-6.45,0.173,0.122,0.45547627646966393,-87.78220126,Animal
Sub-Humid,F-Invertivore,L.macrochirus,3.2,80,Fish,-29.06853613,-90.35709294677068,10.17750944,-6.45,0.173,0.122,0.45547627646966393,-93.29491493,Animal
Sub-Humid,F-Piscivore,L.megalotis,3.6,80,Fish,-27.50765486,-73.84632441942327,9.620293802,-6.45,0.173,0.122,0.4953166124925167,-77.04111657,Animal
Sub-Humid,F-Piscivore,L.megalotis,3.6,80,Fish,-28.96758282,-87.91630663942327,9.57264331,-6.45,0.173,0.122,0.4953166124925167,-91.11109879,Animal
Sub-Humid,F-Piscivore,L.megalotis,3.6,80,Fish,-29.6485026,-83.27785395942327,9.35011731,-6.45,0.173,0.122,0.4953166124925167,-86.47264611,Animal
Sub-Humid,F-Piscivore,L.megalotis,3.6,80,Fish,-29.67013545,-92.60785784942327,9.827536728,-6.45,0.173,0.122,0.4953166124925167,-95.80265,Animal
Sub-Humid,F-Piscivore,L.microlophus,3.5,120,Fish,-30.07909937,-90.0627951281044,9.068925365,-6.45,0.173,0.122,0.4856384948675363,-93.19516342,Animal
Sub-Humid,F-Piscivore,L.microlophus,3.5,120,Fish,-29.78448053,-90.0627951281044,8.42562293,-6.45,0.173,0.122,0.4856384948675363,-93.19516342,Animal
Sub-Humid,F-Piscivore,L.microlophus,3.5,160,Fish,-29.93178995,-84.7232039081044,8.7472741475,-6.45,0.173,0.122,0.4856384948675363,-87.8555722,Animal
Sub-Humid,F-Piscivore,L.oculatus,4,400,Fish,-26.49277342,-82.91456734602575,11.29080962,-6.45,0.173,0.122,0.5322420114688746,-86.34752832,Animal
Sub-Humid,F-Piscivore,L.oculatus,4,580,Fish,-25.99480163,-68.77918044602575,13.85020987,-6.45,0.173,0.122,0.5322420114688746,-72.21214142,Animal
Sub-Humid,I-NA,leaf,1,NA,Terrestrial,-32.316051710000004,-94.12368009776056,2.771900749,-6.45,0.173,0.122,0.17300157088983747,-95.23954023,Plant
Sub-Humid,I-NA,leaf,1,NA,Terrestrial,-30.96532095,-57.353613187760544,1.450978944,-6.45,0.173,0.122,0.17300157088983747,-58.46947332,Plant
Sub-Humid,I-NA,leaf,1,NA,Terrestrial,-32.11753522,-91.45141222776056,4.920056211,-6.45,0.173,0.122,0.17300157088983747,-92.56727236,Plant
Sub-Humid,I-Gatherer,Leptophlebiidae,2,NA,Invertebrate,-35.23904967,-108.37688287063797,4.375649738,-6.45,0.173,0.122,0.31607229912589563,-110.4155492,Animal
Sub-Humid,F-Piscivore,M.salmoides,3.8,80,Fish,-29.62686975,-96.26971696438528,10.10872867,-6.45,0.173,0.122,0.5141299698627473,-99.58585527,Animal
Sub-Humid,F-Herbivore,P.latipinna,2,40,Fish,-27.71802808,-84.45336043063797,9.824502282,-6.45,0.173,0.122,0.31607229912589563,-86.49202676,Animal
Sub-Humid,F-Herbivore,P.latipinna,2,40,Fish,-27.04328912,-79.02226163063797,9.635355182,-6.45,0.173,0.122,0.31607229912589563,-81.06092796,Animal
Sub-Humid,F-Herbivore,P.latipinna,2,40,Fish,-27.035048033333332,-82.12857314063797,10.889592634666666,-6.45,0.173,0.122,0.31607229912589563,-84.16723947,Animal
Sub-Humid,F-Herbivore,P.latipinna,2,40,Fish,-26.3438269,-91.62227894063797,13.20892044,-6.45,0.173,0.122,0.31607229912589563,-93.66094527,Animal
Sub-Humid,I-Gatherer,Palaemonidae,2,NA,Invertebrate,-29.42323666,-91.88408812063797,9.373449727,-6.45,0.173,0.122,0.31607229912589563,-93.92275445,Animal
Sub-Humid,I-NA,periphyton,1,NA,Aquatic,-29.65654471,-119.77905866776055,11.35534244,-6.45,0.173,0.122,0.17300157088983747,-120.8949188,Plant
Sub-Humid,I-NA,periphyton,1,NA,Aquatic,-31.51686934,-115.25710276776056,3.725616493,-6.45,0.173,0.122,0.17300157088983747,-116.3729629,Plant
Sub-Humid,I-NA,periphyton,1,NA,Aquatic,-30.8128521,-118.28600276776055,4.788474039,-6.45,0.173,0.122,0.17300157088983747,-119.4018629,Plant
Sub-Humid,I-NA,periphyton,1,NA,Aquatic,-30.78215367,-126.46015286776056,9.754936024,-6.45,0.173,0.122,0.17300157088983747,-127.576013,Plant
Sub-Humid,I-NA,periphyton,1,NA,Aquatic,-30.4649366,-126.25697386776055,3.937779995,-6.45,0.173,0.122,0.17300157088983747,-127.372834,Plant
Sub-Humid,I-NA,periphyton,1,NA,Aquatic,-30.80159601,-121.66922876776056,4.159123649,-6.45,0.173,0.122,0.17300157088983747,-122.7850889,Plant
